time,temperature_2m_max (°C),temperature_2m_min (°C),shortwave_radiation_sum (MJ/m²),rain_sum (mm),windspeed_10m_max (km/h)
2018-01-01,26.6,19.1,27.22,4.80,10.6
2018-01-02,29.4,19.5,23.99,0.20,9.7
2018-01-03,26.8,19.7,17.71,33.30,12.9
2018-01-04,22.3,18.3,13.77,40.90,8.1
2018-01-05,21.8,17.3,9.05,17.90,5.9
2018-01-06,26.2,19.1,12.21,1.50,8.7
2018-01-07,20.8,18.3,7.62,24.10,8.8
2018-01-08,22.2,18.0,11.14,20.20,7.4
2018-01-09,24.5,18.4,23.21,1.10,12.2
2018-01-10,26.0,18.6,25.60,1.10,12.8
2018-01-11,26.4,18.3,26.49,0.10,8.7
2018-01-12,25.2,19.4,15.84,6.60,7.6
2018-01-13,27.3,18.6,22.26,3.80,8.4
2018-01-14,28.3,19.2,17.82,0.70,9.9
2018-01-15,28.9,20.0,15.25,0.10,13.4
2018-01-16,28.4,19.3,26.94,3.80,7.4
2018-01-17,28.3,20.2,25.83,1.50,7.5
2018-01-18,31.4,20.6,29.92,0.00,14.4
2018-01-19,29.5,20.1,25.52,0.50,14.4
2018-01-20,27.2,20.1,22.21,12.90,10.1
2018-01-21,27.2,20.1,20.27,10.80,7.5
2018-01-22,27.9,19.5,23.19,11.70,8.2
2018-01-23,29.5,20.2,27.79,2.20,9.4
2018-01-24,29.6,21.0,27.70,0.90,10.5
2018-01-25,27.0,21.3,24.43,5.50,12.9
2018-01-26,23.6,18.9,16.32,13.30,11.2
2018-01-27,21.6,18.7,10.96,9.20,10.1
2018-01-28,24.7,18.3,19.76,1.20,9.4
2018-01-29,29.1,19.5,22.18,0.70,11.7
2018-01-30,21.2,17.9,4.46,25.50,9.0
2018-01-31,22.4,17.7,17.23,8.10,13.6
2018-02-01,22.6,16.4,23.76,0.50,11.9
2018-02-02,23.4,17.3,23.08,0.10,10.5
2018-02-03,22.5,17.4,21.79,2.60,14.2
2018-02-04,22.8,17.3,16.78,1.10,10.4
2018-02-05,18.1,16.8,5.20,18.00,2.9
2018-02-06,21.5,16.5,11.45,7.10,9.8
2018-02-07,22.4,17.5,17.84,9.40,11.6
2018-02-08,24.5,17.4,24.75,0.50,8.7
2018-02-09,27.0,17.2,26.70,0.30,8.9
2018-02-10,29.7,19.4,27.14,0.10,9.8
2018-02-11,29.4,20.0,26.56,0.00,7.2
2018-02-12,30.1,20.9,25.16,1.40,7.2
2018-02-13,24.0,20.5,12.71,2.20,11.2
2018-02-14,23.4,19.2,12.04,5.00,8.2
2018-02-15,23.9,18.5,18.55,5.30,9.7
2018-02-16,24.0,17.9,19.79,8.00,9.4
2018-02-17,23.5,17.7,18.64,6.90,7.8
2018-02-18,24.4,18.2,16.62,12.50,7.6
2018-02-19,25.8,18.0,16.96,12.80,6.8
2018-02-20,28.2,19.5,19.25,6.10,9.3
2018-02-21,28.6,20.7,21.62,20.00,9.8
2018-02-22,26.4,19.8,19.42,25.90,10.5
2018-02-23,21.6,19.4,8.89,43.00,10.8
2018-02-24,22.0,18.2,11.52,2.70,7.0
2018-02-25,23.0,18.1,15.67,0.00,12.7
2018-02-26,24.6,18.4,15.69,7.20,6.5
2018-02-27,24.1,18.8,11.40,7.20,5.5
2018-02-28,25.4,17.8,21.04,12.20,10.0
2018-03-01,25.1,19.2,19.56,2.90,7.6
2018-03-02,26.8,20.4,19.57,10.00,7.6
2018-03-03,25.6,20.0,16.96,11.10,9.4
2018-03-04,24.7,18.7,18.83,8.40,10.5
2018-03-05,25.5,19.7,17.46,8.90,8.7
2018-03-06,25.5,19.5,21.80,1.10,10.0
2018-03-07,25.1,19.8,17.64,9.90,10.1
2018-03-08,22.6,19.5,8.08,25.20,8.5
2018-03-09,22.2,19.3,8.46,0.60,10.9
2018-03-10,23.4,18.5,13.26,6.20,10.2
2018-03-11,24.1,18.7,20.44,9.90,11.9
2018-03-12,28.8,16.8,25.39,0.00,10.0
2018-03-13,24.5,20.2,14.85,4.00,8.8
2018-03-14,28.0,18.9,24.95,0.20,7.2
2018-03-15,30.5,20.3,23.82,0.40,11.7
2018-03-16,27.7,20.8,15.40,13.60,12.2
2018-03-17,22.9,20.1,11.45,1.50,9.9
2018-03-18,24.8,18.3,18.51,1.80,9.7
2018-03-19,29.6,18.8,24.68,0.00,8.3
2018-03-20,27.0,20.0,19.28,15.50,6.4
2018-03-21,23.5,19.2,12.31,28.00,8.8
2018-03-22,23.3,19.2,12.19,8.00,9.2
2018-03-23,25.3,18.9,19.62,1.70,8.4
2018-03-24,26.4,18.8,22.58,0.00,10.5
2018-03-25,27.6,18.0,21.91,0.00,12.5
2018-03-26,27.5,18.3,22.33,0.00,9.7
2018-03-27,25.3,19.2,20.59,0.00,7.9
2018-03-28,25.5,18.3,22.10,0.10,10.0
2018-03-29,24.8,17.8,21.09,0.30,9.9
2018-03-30,24.5,17.4,19.76,0.50,10.6
2018-03-31,26.3,18.0,22.06,0.00,7.8
2018-04-01,28.0,17.8,20.30,0.00,11.9
2018-04-02,28.5,19.6,18.51,5.50,10.2
2018-04-03,25.6,19.4,15.57,8.50,13.9
2018-04-04,23.3,18.7,13.96,17.50,10.0
2018-04-05,24.0,18.2,17.24,3.20,7.4
2018-04-06,23.4,18.3,14.11,8.90,9.8
2018-04-07,23.0,17.8,16.07,1.60,10.2
2018-04-08,23.2,17.3,16.95,0.90,8.9
2018-04-09,23.2,17.0,18.19,0.00,10.7
2018-04-10,23.5,16.7,19.18,0.20,10.8
2018-04-11,23.3,15.8,18.31,0.00,9.4
2018-04-12,24.7,16.7,17.19,0.00,6.9
2018-04-13,26.2,17.4,20.20,0.00,6.2
2018-04-14,23.2,18.3,15.70,2.10,11.7
2018-04-15,20.0,17.3,5.95,20.80,10.0
2018-04-16,19.5,15.8,5.55,7.50,8.5
2018-04-17,19.9,14.7,15.89,1.90,9.4
2018-04-18,21.2,13.9,18.09,0.00,10.2
2018-04-19,22.4,14.1,20.63,0.00,8.0
2018-04-20,23.0,14.8,18.69,0.50,8.0
2018-04-21,20.9,16.1,8.91,0.50,5.6
2018-04-22,22.1,15.2,16.91,0.30,10.0
2018-04-23,23.4,15.0,17.16,0.20,8.3
2018-04-24,23.8,16.3,17.26,0.80,9.7
2018-04-25,24.5,16.8,16.83,0.00,7.4
2018-04-26,23.2,17.4,16.38,0.10,6.4
2018-04-27,23.5,16.8,15.41,0.50,7.1
2018-04-28,23.7,16.6,17.45,0.00,7.5
2018-04-29,23.8,16.0,18.62,0.00,7.0
2018-04-30,25.4,14.4,19.13,0.00,8.4
2018-05-01,24.8,14.8,19.26,0.00,11.3
2018-05-02,20.7,16.6,9.83,4.20,8.7
2018-05-03,22.9,16.8,14.86,0.00,8.7
2018-05-04,25.0,16.4,18.23,0.00,9.0
2018-05-05,25.3,15.6,17.90,0.00,8.0
2018-05-06,22.6,16.0,15.43,1.10,11.3
2018-05-07,20.9,16.5,10.96,5.80,9.5
2018-05-08,19.2,16.2,7.35,7.90,8.2
2018-05-09,20.0,14.8,13.58,1.30,8.4
2018-05-10,21.3,14.5,15.49,0.00,7.9
2018-05-11,24.3,12.7,18.10,0.00,9.8
2018-05-12,26.7,14.1,15.99,0.00,14.5
2018-05-13,18.7,16.6,2.92,9.90,7.6
2018-05-14,20.2,16.2,8.67,2.00,8.8
2018-05-15,23.4,15.0,13.82,0.00,13.1
2018-05-16,25.7,15.3,16.12,0.60,13.4
2018-05-17,19.9,16.2,7.18,2.40,7.8
2018-05-18,23.7,15.0,11.54,0.00,13.1
2018-05-19,27.2,15.8,14.08,0.90,17.4
2018-05-20,18.5,13.2,16.25,9.10,14.0
2018-05-21,18.8,10.9,13.90,0.00,9.0
2018-05-22,19.8,9.6,16.68,0.00,7.4
2018-05-23,18.7,11.5,11.63,0.00,10.1
2018-05-24,19.7,12.9,11.95,0.00,8.7
2018-05-25,18.4,13.9,11.03,2.70,7.9
2018-05-26,19.1,13.5,13.08,1.20,8.2
2018-05-27,20.2,13.3,14.91,0.00,9.2
2018-05-28,19.4,12.5,13.16,0.00,9.4
2018-05-29,19.8,11.6,13.60,0.00,8.5
2018-05-30,19.8,11.4,14.27,0.00,7.1
2018-05-31,21.6,12.8,14.46,0.00,7.4
2018-06-01,23.8,11.9,15.18,0.00,9.8
2018-06-02,25.3,12.1,15.58,0.00,8.8
2018-06-03,19.5,14.1,6.79,4.80,13.2
2018-06-04,16.5,14.4,5.61,2.20,6.9
2018-06-05,17.3,12.9,5.71,0.50,6.2
2018-06-06,21.5,13.1,11.66,2.30,8.9
2018-06-07,21.6,15.5,8.78,0.20,8.1
2018-06-08,18.0,14.4,5.46,3.50,12.8
2018-06-09,18.6,13.0,7.57,0.00,7.1
2018-06-10,23.2,14.0,11.48,0.00,13.0
2018-06-11,23.5,13.7,10.34,0.00,9.4
2018-06-12,26.4,13.6,15.24,0.00,9.8
2018-06-13,25.9,15.2,13.26,0.90,7.2
2018-06-14,17.6,15.5,2.70,8.00,12.7
2018-06-15,16.7,14.7,3.07,5.00,3.6
2018-06-16,18.3,14.0,4.80,1.00,11.8
2018-06-17,18.1,14.3,7.35,0.30,7.4
2018-06-18,18.2,14.3,9.24,0.70,8.9
2018-06-19,18.9,13.6,11.02,0.00,7.9
2018-06-20,21.3,12.8,14.88,0.00,6.5
2018-06-21,22.5,12.2,15.10,0.00,7.2
2018-06-22,24.0,12.6,13.45,0.00,8.4
2018-06-23,23.8,14.8,14.86,0.00,7.0
2018-06-24,25.4,14.0,12.88,0.00,9.0
2018-06-25,23.0,14.0,14.73,0.00,6.6
2018-06-26,25.6,13.1,15.23,0.00,9.8
2018-06-27,22.0,13.8,14.72,0.00,9.1
2018-06-28,23.3,13.5,13.93,0.00,8.4
2018-06-29,22.2,12.8,14.57,0.00,9.9
2018-06-30,23.9,12.2,14.94,0.00,9.4
2018-07-01,21.3,13.0,14.40,0.00,7.1
2018-07-02,24.5,14.3,14.88,0.00,6.8
2018-07-03,25.9,13.4,15.20,0.30,17.2
2018-07-04,19.5,15.7,6.29,4.00,6.6
2018-07-05,24.0,13.7,14.58,0.00,7.3
2018-07-06,23.2,14.6,13.60,0.00,6.3
2018-07-07,22.5,15.1,15.11,0.00,6.4
2018-07-08,25.1,11.7,15.76,0.00,9.5
2018-07-09,20.3,12.7,12.12,0.30,9.2
2018-07-10,16.3,12.6,3.04,16.10,10.3
2018-07-11,15.6,11.9,10.41,0.80,12.5
2018-07-12,15.9,9.8,11.02,0.00,8.3
2018-07-13,19.0,11.3,12.12,0.00,8.1
2018-07-14,21.0,11.7,15.16,0.00,7.1
2018-07-15,24.2,11.9,15.72,0.00,8.8
2018-07-16,24.9,11.3,16.21,0.00,9.8
2018-07-17,23.0,12.7,16.16,0.00,7.1
2018-07-18,23.7,13.1,15.69,0.00,9.3
2018-07-19,24.3,12.1,16.32,0.00,8.3
2018-07-20,24.7,12.2,16.47,0.00,9.3
2018-07-21,25.9,12.2,16.45,0.00,14.2
2018-07-22,19.1,16.1,8.47,4.60,7.9
2018-07-23,21.9,14.3,14.15,0.00,8.3
2018-07-24,22.1,12.5,14.49,0.30,10.7
2018-07-25,19.6,14.2,10.74,1.20,7.5
2018-07-26,21.2,13.8,14.51,0.00,7.6
2018-07-27,22.8,12.1,16.59,0.00,7.1
2018-07-28,24.2,12.5,16.92,0.00,7.9
2018-07-29,24.8,12.7,13.55,0.00,12.9
2018-07-30,23.7,12.4,16.65,0.10,11.8
2018-07-31,20.3,15.2,9.43,3.60,12.3
2018-08-01,17.1,13.9,8.98,5.40,9.0
2018-08-02,17.2,13.8,6.21,2.30,8.4
2018-08-03,18.4,14.0,5.87,19.70,10.1
2018-08-04,20.8,13.5,13.99,5.30,8.0
2018-08-05,20.9,14.0,11.99,0.10,10.3
2018-08-06,16.9,13.8,3.79,9.40,9.6
2018-08-07,16.2,13.3,4.00,3.80,4.0
2018-08-08,19.6,13.3,10.24,0.00,8.3
2018-08-09,24.3,14.0,15.47,0.00,10.8
2018-08-10,16.1,14.2,6.34,2.10,10.1
2018-08-11,18.0,11.9,13.42,0.00,9.4
2018-08-12,17.5,10.8,16.73,0.00,14.1
2018-08-13,16.9,11.7,8.34,0.00,10.7
2018-08-14,19.4,10.8,17.38,0.00,7.9
2018-08-15,19.8,11.1,15.84,0.00,12.6
2018-08-16,16.5,13.8,4.55,1.80,7.1
2018-08-17,17.3,13.9,9.00,1.40,5.8
2018-08-18,18.3,12.5,14.13,1.90,9.4
2018-08-19,21.1,10.7,17.49,0.00,8.0
2018-08-20,23.5,11.9,19.57,0.00,8.0
2018-08-21,23.9,12.2,19.80,0.00,7.6
2018-08-22,21.2,14.1,16.44,0.00,9.7
2018-08-23,25.1,14.4,19.83,0.00,11.5
2018-08-24,26.1,14.9,19.21,0.00,12.2
2018-08-25,24.1,15.5,12.52,0.80,13.3
2018-08-26,16.3,13.5,2.93,5.00,11.9
2018-08-27,14.9,12.9,3.81,2.20,7.1
2018-08-28,18.4,13.3,10.79,0.10,9.9
2018-08-29,20.9,12.6,15.32,0.00,11.3
2018-08-30,24.3,12.3,20.17,0.00,13.0
2018-08-31,26.2,12.9,21.27,0.00,12.3
2018-09-01,26.8,13.7,21.65,0.00,9.4
2018-09-02,27.1,14.1,21.34,0.00,9.4
2018-09-03,24.3,15.8,20.55,0.50,10.5
2018-09-04,18.7,13.7,13.45,9.70,15.3
2018-09-05,17.0,12.7,17.00,0.00,16.8
2018-09-06,17.2,11.9,13.04,1.20,10.8
2018-09-07,20.3,12.3,20.38,0.00,11.6
2018-09-08,21.3,10.2,22.58,0.00,11.2
2018-09-09,21.4,11.1,20.24,0.00,12.8
2018-09-10,18.9,14.6,9.28,0.00,10.4
2018-09-11,17.5,14.3,8.47,1.20,8.7
2018-09-12,18.6,12.5,10.25,0.00,11.7
2018-09-13,21.0,13.5,12.66,0.00,12.6
2018-09-14,27.0,13.3,20.48,10.60,18.8
2018-09-15,21.0,14.7,17.16,5.90,10.7
2018-09-16,18.8,14.0,15.25,1.00,12.6
2018-09-17,18.3,13.6,6.93,8.70,6.2
2018-09-18,26.2,15.1,19.61,0.10,11.3
2018-09-19,27.2,16.5,21.39,0.30,10.8
2018-09-20,25.9,18.1,12.76,3.20,9.7
2018-09-21,22.6,16.8,15.62,2.90,12.3
2018-09-22,22.7,15.0,19.87,0.00,12.4
2018-09-23,26.1,15.9,22.67,0.00,11.1
2018-09-24,27.9,16.5,24.47,0.00,11.7
2018-09-25,25.0,16.9,20.45,0.00,13.5
2018-09-26,28.8,17.9,24.31,0.00,12.7
2018-09-27,28.8,17.9,20.13,4.60,12.0
2018-09-28,21.9,17.8,10.16,5.20,10.2
2018-09-29,22.3,17.8,10.34,0.00,12.1
2018-09-30,26.1,17.0,16.50,0.00,9.4
2018-10-01,26.9,18.2,13.65,0.80,12.8
2018-10-02,28.6,18.5,24.40,0.00,12.4
2018-10-03,30.6,18.1,24.26,0.00,8.0
2018-10-04,23.3,18.6,12.51,1.80,12.5
2018-10-05,18.3,15.5,4.80,9.10,12.2
2018-10-06,17.6,14.4,7.78,3.80,9.4
2018-10-07,20.5,14.5,8.47,2.10,10.1
2018-10-08,21.0,15.8,6.67,5.90,12.1
2018-10-09,22.4,16.8,7.11,4.40,7.2
2018-10-10,28.7,17.1,23.48,19.50,8.4
2018-10-11,20.5,18.0,6.24,15.60,9.1
2018-10-12,22.1,17.6,10.42,5.10,6.2
2018-10-13,30.8,17.5,26.10,1.00,12.7
2018-10-14,20.3,17.7,8.52,2.00,12.2
2018-10-15,19.0,16.5,7.47,1.10,9.2
2018-10-16,19.1,15.9,5.50,0.50,9.2
2018-10-17,23.9,16.7,15.42,1.10,10.2
2018-10-18,26.9,17.4,20.01,7.10,8.6
2018-10-19,21.4,17.2,15.08,5.00,15.2
2018-10-20,18.2,15.1,18.63,3.70,13.8
2018-10-21,17.7,13.0,15.50,0.00,12.9
2018-10-22,21.4,13.3,19.16,0.00,13.2
2018-10-23,25.6,14.5,27.54,0.00,12.7
2018-10-24,21.3,16.6,13.89,5.60,11.2
2018-10-25,19.5,16.9,4.81,13.10,5.4
2018-10-26,22.2,16.9,15.23,1.40,7.8
2018-10-27,27.2,17.1,19.28,8.30,13.2
2018-10-28,19.3,15.3,16.29,1.00,19.6
2018-10-29,18.2,14.6,8.11,0.00,8.1
2018-10-30,21.6,14.4,15.94,0.00,10.7
2018-10-31,26.8,15.6,24.60,0.20,11.9
2018-11-01,27.1,17.9,23.27,0.10,13.1
2018-11-02,20.9,17.1,10.90,1.20,9.5
2018-11-03,29.7,16.8,26.18,1.40,18.8
2018-11-04,20.9,17.1,13.99,8.50,16.6
2018-11-05,18.9,16.0,9.49,1.40,10.8
2018-11-06,19.8,15.4,9.30,0.10,9.4
2018-11-07,23.0,16.1,17.72,6.90,10.9
2018-11-08,18.4,16.1,3.99,23.20,8.9
2018-11-09,18.8,15.5,8.43,1.60,9.5
2018-11-10,22.6,16.0,16.69,2.50,8.4
2018-11-11,24.9,16.7,22.17,1.20,8.9
2018-11-12,24.9,17.3,23.68,2.30,10.8
2018-11-13,27.1,17.7,24.16,0.20,12.2
2018-11-14,29.5,18.4,26.89,0.00,16.6
2018-11-15,29.2,19.6,24.49,3.00,14.7
2018-11-16,21.7,18.3,13.41,2.60,10.2
2018-11-17,22.1,17.4,16.22,0.00,10.0
2018-11-18,29.8,17.0,26.32,0.00,18.7
2018-11-19,21.5,16.2,3.97,25.60,15.0
2018-11-20,17.5,15.1,4.35,6.30,7.8
2018-11-21,19.5,14.1,8.03,8.60,4.1
2018-11-22,25.2,16.2,24.61,0.00,11.6
2018-11-23,26.2,17.0,25.00,0.20,14.4
2018-11-24,24.8,17.8,14.87,0.00,15.7
2018-11-25,24.8,18.1,18.73,24.00,10.3
2018-11-26,22.1,16.9,17.33,15.40,12.7
2018-11-27,20.0,16.7,14.22,1.30,11.1
2018-11-28,23.4,16.4,24.41,0.80,11.7
2018-11-29,25.9,17.1,27.85,0.00,7.7
2018-11-30,28.6,18.8,22.15,3.60,7.1
2018-12-01,25.1,18.4,14.71,9.70,9.2
2018-12-02,23.2,17.8,21.89,1.50,15.6
2018-12-03,20.6,17.0,15.52,2.70,11.2
2018-12-04,24.0,16.8,21.02,0.30,9.7
2018-12-05,28.7,17.4,26.04,1.60,10.2
2018-12-06,23.5,18.5,23.34,1.30,14.0
2018-12-07,19.9,16.7,7.93,10.80,9.5
2018-12-08,17.5,14.6,12.77,8.60,14.4
2018-12-09,20.8,13.0,24.45,0.00,13.7
2018-12-10,25.1,13.9,27.80,0.00,10.4
2018-12-11,27.8,16.3,29.01,0.00,8.6
2018-12-12,29.1,17.2,28.97,0.00,9.7
2018-12-13,31.1,18.2,29.83,0.00,10.7
2018-12-14,29.9,18.8,28.66,0.00,6.9
2018-12-15,31.3,20.0,28.91,0.00,8.1
2018-12-16,29.8,20.3,26.60,0.30,9.4
2018-12-17,30.5,19.7,27.77,0.00,10.5
2018-12-18,32.3,21.0,29.97,0.00,13.3
2018-12-19,29.3,21.0,23.58,0.50,15.8
2018-12-20,31.1,20.0,27.94,0.00,9.7
2018-12-21,30.5,21.6,25.41,0.90,9.9
2018-12-22,32.3,21.7,29.28,4.60,9.0
2018-12-23,28.0,20.7,24.91,0.60,14.1
2018-12-24,25.0,19.4,11.45,17.60,11.5
2018-12-25,21.6,18.9,11.69,4.80,10.8
2018-12-26,23.6,18.5,12.86,4.30,8.0
2018-12-27,21.1,18.3,10.29,5.60,8.2
2018-12-28,25.0,17.7,24.06,3.40,10.0
2018-12-29,25.6,18.1,26.34,0.90,10.8
2018-12-30,26.5,18.8,23.78,2.00,9.4
2018-12-31,27.6,19.0,24.99,5.00,10.5
2019-01-01,28.3,19.3,24.49,6.60,11.2
2019-01-02,29.4,20.3,26.29,2.80,6.8
2019-01-03,31.9,20.8,27.17,0.40,11.2
2019-01-04,30.2,22.0,25.74,6.50,14.3
2019-01-05,26.1,20.9,15.95,14.40,6.9
2019-01-06,29.6,19.7,26.12,0.00,9.2
2019-01-07,31.9,20.5,30.19,0.00,11.5
2019-01-08,32.2,21.4,29.70,0.00,7.6
2019-01-09,29.1,20.7,24.62,0.00,9.5
2019-01-10,30.2,18.9,29.16,0.00,14.1
2019-01-11,30.7,19.6,28.82,0.00,11.4
2019-01-12,28.3,20.2,27.20,0.00,12.1
2019-01-13,29.5,19.5,27.36,0.00,10.7
2019-01-14,31.3,19.9,29.20,0.00,9.0
2019-01-15,32.8,21.5,27.74,3.50,10.5
2019-01-16,32.4,22.4,28.55,1.30,8.7
2019-01-17,32.3,21.5,29.05,1.90,9.2
2019-01-18,31.1,21.8,28.14,2.80,8.7
2019-01-19,33.6,22.0,28.23,1.10,11.3
2019-01-20,30.6,21.7,21.86,3.40,9.7
2019-01-21,31.1,20.9,26.75,0.60,6.2
2019-01-22,28.8,22.6,20.85,1.90,11.7
2019-01-23,27.6,21.9,23.65,3.10,7.3
2019-01-24,30.7,21.2,27.16,0.00,13.5
2019-01-25,25.5,19.7,12.40,24.50,7.2
2019-01-26,27.3,19.1,22.75,2.10,10.0
2019-01-27,29.9,19.3,28.32,0.00,10.5
2019-01-28,30.5,20.3,27.66,0.00,9.3
2019-01-29,31.5,21.5,27.69,0.00,8.4
2019-01-30,32.9,21.9,29.27,0.00,10.6
2019-01-31,32.6,20.2,29.55,0.00,11.9
2019-02-01,33.2,21.8,29.20,0.00,10.5
2019-02-02,33.3,22.7,28.40,0.00,11.2
2019-02-03,29.6,22.4,25.44,0.10,15.6
2019-02-04,24.4,18.6,10.51,64.70,13.5
2019-02-05,21.0,18.1,8.04,7.30,10.5
2019-02-06,21.9,17.9,10.03,11.90,8.9
2019-02-07,21.8,17.2,12.32,2.50,10.9
2019-02-08,24.1,17.9,21.78,1.50,11.6
2019-02-09,26.0,19.1,24.75,0.40,10.5
2019-02-10,28.9,19.4,26.51,0.20,9.7
2019-02-11,30.9,20.7,27.15,1.70,15.5
2019-02-12,30.1,21.2,23.66,11.20,9.0
2019-02-13,20.9,19.4,4.58,21.90,10.8
2019-02-14,22.1,17.7,14.02,0.30,8.8
2019-02-15,23.8,17.1,14.27,1.10,9.2
2019-02-16,24.2,18.9,6.69,13.10,8.2
2019-02-17,27.3,18.9,18.50,12.50,14.1
2019-02-18,28.0,19.5,22.17,11.00,9.2
2019-02-19,28.4,20.0,23.51,0.90,8.9
2019-02-20,29.8,20.1,25.65,0.20,8.5
2019-02-21,24.7,20.2,10.46,3.80,6.4
2019-02-22,28.4,19.2,24.32,5.60,9.4
2019-02-23,31.4,20.2,25.69,0.40,11.0
2019-02-24,32.9,21.6,26.52,0.80,9.4
2019-02-25,31.6,21.4,17.88,3.60,8.2
2019-02-26,27.9,20.9,19.54,3.00,8.4
2019-02-27,27.2,20.9,17.89,2.70,9.9
2019-02-28,24.8,20.5,10.53,8.80,7.9
2019-03-01,25.4,20.0,12.01,9.40,8.8
2019-03-02,24.6,19.6,10.10,7.50,6.2
2019-03-03,25.3,19.8,11.07,19.10,5.8
2019-03-04,25.3,18.8,13.64,1.70,6.3
2019-03-05,27.4,19.1,23.67,0.80,8.2
2019-03-06,27.2,19.7,23.52,3.80,10.2
2019-03-07,29.0,19.8,24.89,0.00,12.2
2019-03-08,29.9,20.0,25.64,0.00,8.3
2019-03-09,29.8,20.7,25.35,0.00,10.1
2019-03-10,26.5,20.2,20.73,9.40,13.7
2019-03-11,24.1,19.7,16.16,9.20,10.9
2019-03-12,25.1,19.6,15.54,4.10,7.7
2019-03-13,29.6,19.4,23.31,1.70,10.6
2019-03-14,29.1,20.7,23.11,1.80,10.3
2019-03-15,25.8,20.4,14.48,12.90,8.0
2019-03-16,24.2,19.8,12.01,10.40,7.4
2019-03-17,26.5,19.6,18.87,6.50,8.1
2019-03-18,27.9,20.4,20.48,0.60,8.9
2019-03-19,29.3,21.5,20.94,2.90,9.6
2019-03-20,23.7,20.1,14.83,2.80,12.8
2019-03-21,20.0,18.4,2.70,23.90,8.9
2019-03-22,20.8,18.1,6.42,1.70,8.2
2019-03-23,23.6,16.3,20.26,0.00,9.8
2019-03-24,24.9,17.8,19.48,0.50,8.6
2019-03-25,26.6,17.3,23.13,0.00,8.6
2019-03-26,26.0,18.0,23.12,0.00,11.6
2019-03-27,25.3,17.2,22.22,0.10,13.3
2019-03-28,22.5,17.7,14.40,16.40,10.9
2019-03-29,21.2,17.4,10.18,12.10,8.9
2019-03-30,21.6,16.1,17.49,0.40,10.1
2019-03-31,22.8,16.6,18.85,0.30,11.2
2019-04-01,22.2,16.6,16.54,0.30,12.6
2019-04-02,23.6,15.2,21.03,0.00,10.1
2019-04-03,24.0,17.5,18.57,0.60,7.7
2019-04-04,26.8,17.3,21.92,0.00,8.4
2019-04-05,30.4,18.7,21.68,0.00,12.7
2019-04-06,28.3,21.4,18.31,7.40,7.1
2019-04-07,28.0,21.1,20.15,0.80,7.7
2019-04-08,28.8,19.3,18.50,7.80,10.8
2019-04-09,20.6,19.1,3.76,29.50,10.0
2019-04-10,21.9,17.9,13.50,6.20,8.6
2019-04-11,22.7,17.8,15.62,0.80,8.4
2019-04-12,24.7,17.1,17.65,0.10,8.2
2019-04-13,25.4,18.4,18.84,0.30,8.7
2019-04-14,21.4,18.8,4.32,15.70,5.4
2019-04-15,24.5,18.6,14.67,9.90,8.5
2019-04-16,24.3,18.1,16.25,1.40,9.0
2019-04-17,22.5,18.8,13.64,1.10,11.1
2019-04-18,23.1,17.7,18.31,0.00,14.1
2019-04-19,23.1,16.6,18.05,0.00,10.9
2019-04-20,25.5,15.9,20.31,0.00,9.7
2019-04-21,27.0,16.1,20.11,0.00,8.0
2019-04-22,26.9,18.8,18.71,0.00,10.1
2019-04-23,24.9,18.6,15.07,4.10,8.3
2019-04-24,24.7,18.4,15.93,0.20,7.6
2019-04-25,25.2,18.4,16.98,0.00,7.7
2019-04-26,25.4,18.6,17.81,0.00,8.9
2019-04-27,27.4,17.9,18.68,0.00,10.1
2019-04-28,29.1,17.9,18.47,1.20,18.7
2019-04-29,22.8,17.4,12.87,2.80,13.1
2019-04-30,22.2,16.6,15.20,1.10,10.7
2019-05-01,24.5,16.4,13.58,0.00,11.4
2019-05-02,24.0,18.2,9.29,0.00,6.1
2019-05-03,26.8,17.8,17.19,0.00,7.2
2019-05-04,27.0,18.1,17.26,0.00,6.9
2019-05-05,25.2,18.9,15.94,0.10,6.3
2019-05-06,27.2,17.8,17.31,0.00,10.5
2019-05-07,22.5,18.5,12.54,5.00,12.7
2019-05-08,20.1,17.2,5.61,1.90,9.1
2019-05-09,21.7,15.2,11.87,0.00,8.6
2019-05-10,23.4,15.8,13.36,0.00,9.4
2019-05-11,26.3,16.3,16.30,0.00,9.4
2019-05-12,27.4,17.5,16.68,0.00,8.6
2019-05-13,23.9,18.9,11.51,1.40,9.0
2019-05-14,25.8,18.6,13.93,2.40,7.9
2019-05-15,22.0,17.3,11.73,10.10,10.1
2019-05-16,18.8,16.3,5.09,13.40,7.2
2019-05-17,17.3,16.2,3.70,11.80,6.4
2019-05-18,19.1,15.4,6.48,22.40,9.0
2019-05-19,21.9,14.1,12.73,0.00,9.3
2019-05-20,22.5,15.4,15.09,0.00,8.6
2019-05-21,23.3,15.7,15.27,0.00,6.5
2019-05-22,24.2,15.9,16.24,0.00,6.6
2019-05-23,24.9,15.8,15.30,0.00,7.3
2019-05-24,25.4,15.9,13.77,0.00,9.6
2019-05-25,20.2,16.1,11.20,0.20,14.4
2019-05-26,19.9,14.0,12.65,0.00,7.6
2019-05-27,22.4,13.3,14.99,0.00,6.9
2019-05-28,26.6,13.3,15.48,0.00,13.4
2019-05-29,22.6,15.1,14.84,0.00,10.1
2019-05-30,24.4,15.8,11.85,0.00,9.0
2019-05-31,27.7,15.8,15.07,0.00,10.8
2019-06-01,22.3,16.4,10.26,0.00,9.0
2019-06-02,23.2,17.7,10.85,1.90,9.9
2019-06-03,24.6,15.8,12.03,3.10,14.9
2019-06-04,17.6,14.5,10.76,1.40,19.9
2019-06-05,17.4,12.9,8.01,0.80,8.6
2019-06-06,18.8,12.4,12.10,0.00,8.7
2019-06-07,20.9,11.9,15.84,0.00,9.3
2019-06-08,21.8,10.9,14.24,0.00,7.9
2019-06-09,19.7,12.9,12.95,0.10,10.1
2019-06-10,20.9,12.4,13.97,0.00,8.0
2019-06-11,22.9,13.5,13.46,0.00,6.8
2019-06-12,23.5,14.2,13.22,0.00,8.9
2019-06-13,24.5,14.0,14.44,0.00,8.4
2019-06-14,25.1,15.2,15.02,0.00,7.9
2019-06-15,24.3,15.3,14.70,0.00,7.9
2019-06-16,24.0,13.8,15.24,0.00,7.3
2019-06-17,21.5,14.7,12.69,0.00,6.4
2019-06-18,21.8,14.5,13.63,0.00,7.2
2019-06-19,23.7,14.0,14.76,0.00,6.8
2019-06-20,23.9,15.0,13.15,0.70,13.9
2019-06-21,18.6,15.2,7.51,3.00,6.9
2019-06-22,20.4,14.4,10.23,0.00,7.6
2019-06-23,22.9,12.3,14.81,0.00,6.9
2019-06-24,23.9,12.2,15.29,0.00,7.6
2019-06-25,25.7,13.0,15.18,0.00,8.1
2019-06-26,26.6,14.5,14.71,0.00,11.6
2019-06-27,22.8,15.7,10.91,0.00,10.8
2019-06-28,23.9,16.7,13.05,0.00,7.7
2019-06-29,24.6,14.5,15.06,0.00,12.6
2019-06-30,26.1,14.0,15.24,0.00,10.7
2019-07-01,26.8,13.5,15.27,0.00,12.2
2019-07-02,25.1,16.3,14.03,0.00,7.6
2019-07-03,27.6,13.9,15.24,0.00,14.3
2019-07-04,20.7,16.8,7.74,6.30,13.4
2019-07-05,16.8,13.4,2.92,22.70,15.3
2019-07-06,14.6,10.4,8.17,3.30,17.7
2019-07-07,15.1,10.0,11.70,0.00,13.5
2019-07-08,17.0,9.8,12.42,0.00,7.8
2019-07-09,18.0,8.5,15.57,0.00,7.7
2019-07-10,19.0,8.6,15.89,0.00,8.0
2019-07-11,21.1,9.2,16.04,0.00,8.0
2019-07-12,21.2,10.6,15.51,0.00,7.5
2019-07-13,23.5,11.1,16.05,0.00,8.0
2019-07-14,25.1,12.9,15.47,0.00,7.6
2019-07-15,21.6,13.0,15.33,0.20,7.0
2019-07-16,18.6,13.5,6.36,1.60,20.0
2019-07-17,15.8,11.2,6.86,0.30,8.4
2019-07-18,16.4,10.4,7.44,0.00,8.9
2019-07-19,18.2,9.9,13.95,0.00,12.0
2019-07-20,21.0,10.2,15.78,0.00,10.8
2019-07-21,21.8,11.5,13.54,0.00,14.9
2019-07-22,22.2,11.7,15.68,0.00,12.4
2019-07-23,23.5,11.8,16.30,0.00,10.1
2019-07-24,24.4,11.5,16.76,0.00,8.6
2019-07-25,23.6,13.7,16.67,0.00,9.1
2019-07-26,22.8,14.3,14.86,0.00,7.2
2019-07-27,24.5,11.8,17.20,0.00,9.2
2019-07-28,20.2,13.2,12.30,0.00,9.7
2019-07-29,20.7,13.4,13.41,0.00,9.5
2019-07-30,23.5,12.8,15.55,0.00,11.5
2019-07-31,22.2,13.7,17.34,0.00,10.8
2019-08-01,24.3,13.3,17.29,0.00,7.9
2019-08-02,28.6,13.1,17.54,0.20,16.9
2019-08-03,17.3,13.3,2.85,8.70,9.3
2019-08-04,13.7,11.3,1.99,11.40,10.0
2019-08-05,15.4,11.1,6.90,0.40,8.8
2019-08-06,20.3,11.7,12.76,0.00,8.7
2019-08-07,22.8,12.1,16.65,0.00,9.9
2019-08-08,24.1,13.0,17.55,0.00,7.9
2019-08-09,24.6,13.6,18.45,0.00,9.2
2019-08-10,27.1,13.0,17.53,0.00,10.8
2019-08-11,23.0,14.7,16.96,0.00,12.7
2019-08-12,25.5,15.4,17.88,0.00,8.0
2019-08-13,27.5,13.0,17.33,3.00,24.3
2019-08-14,16.1,12.9,3.94,5.80,12.9
2019-08-15,16.0,10.5,10.38,0.50,11.6
2019-08-16,19.4,9.2,19.59,0.00,9.1
2019-08-17,22.7,8.6,20.11,0.00,12.1
2019-08-18,26.9,9.8,19.70,0.00,11.0
2019-08-19,18.8,14.8,7.11,3.80,9.9
2019-08-20,17.1,15.1,5.10,8.60,10.5
2019-08-21,16.6,14.1,4.38,3.60,8.9
2019-08-22,16.6,13.3,8.48,0.70,9.7
2019-08-23,16.2,12.6,7.01,4.10,6.2
2019-08-24,17.2,10.6,13.98,0.70,11.5
2019-08-25,17.2,12.2,10.90,0.30,9.8
2019-08-26,17.9,12.9,10.65,0.00,11.4
2019-08-27,21.0,11.1,19.52,0.00,10.1
2019-08-28,18.5,12.6,11.11,0.00,8.8
2019-08-29,21.4,11.4,17.90,0.00,11.2
2019-08-30,24.5,12.4,21.02,0.00,10.8
2019-08-31,28.5,12.9,20.88,0.00,11.9
2019-09-01,23.6,15.2,19.07,8.90,11.2
2019-09-02,21.2,15.0,12.74,2.30,12.7
2019-09-03,23.8,15.5,17.72,0.60,15.7
2019-09-04,20.1,15.4,10.32,1.10,14.0
2019-09-05,16.5,13.6,3.79,13.00,10.5
2019-09-06,17.4,13.2,8.29,0.00,10.6
2019-09-07,22.4,13.4,18.82,0.00,15.3
2019-09-08,25.7,14.1,21.95,0.00,10.2
2019-09-09,27.4,14.4,22.53,0.00,12.0
2019-09-10,28.8,14.2,23.26,0.00,9.7
2019-09-11,27.8,16.6,22.78,0.00,8.7
2019-09-12,32.4,16.1,22.92,0.00,9.7
2019-09-13,21.3,17.1,10.90,1.00,13.4
2019-09-14,20.0,16.6,9.53,1.20,11.0
2019-09-15,25.6,15.9,17.53,0.30,10.8
2019-09-16,27.3,15.9,23.02,0.00,12.1
2019-09-17,31.4,15.5,24.00,0.00,11.9
2019-09-18,33.3,17.2,23.52,0.00,13.8
2019-09-19,25.8,16.7,21.56,0.00,11.3
2019-09-20,26.3,17.0,23.15,0.20,12.3
2019-09-21,20.8,17.8,9.27,1.00,9.2
2019-09-22,18.1,15.2,4.18,10.70,11.7
2019-09-23,17.6,13.5,12.84,1.20,13.2
2019-09-24,19.2,12.8,14.42,0.00,10.4
2019-09-25,17.5,14.0,6.50,18.00,10.9
2019-09-26,16.9,14.2,4.04,14.00,5.8
2019-09-27,19.7,12.8,17.33,1.10,13.8
2019-09-28,18.0,14.5,11.65,3.80,11.8
2019-09-29,17.3,14.3,6.29,0.20,9.4
2019-09-30,20.1,14.4,16.29,0.60,14.0
2019-10-01,23.5,13.6,23.41,0.00,11.3
2019-10-02,24.7,13.3,25.70,0.00,10.6
2019-10-03,24.8,13.6,26.05,0.00,13.4
2019-10-04,25.0,15.1,21.30,0.00,11.8
2019-10-05,27.3,15.6,24.48,0.00,15.8
2019-10-06,24.6,16.4,21.54,0.50,14.0
2019-10-07,23.1,17.4,13.71,0.00,10.9
2019-10-08,20.8,17.3,8.47,16.90,9.6
2019-10-09,17.2,16.5,2.99,10.80,8.2
2019-10-10,19.0,15.9,8.96,1.60,6.6
2019-10-11,26.0,16.5,20.03,0.00,12.6
2019-10-12,28.0,16.0,26.97,0.00,12.3
2019-10-13,29.5,17.1,27.26,0.00,10.8
2019-10-14,28.8,17.0,27.63,0.00,13.1
2019-10-15,24.0,17.6,22.26,0.00,13.4
2019-10-16,23.3,16.9,19.97,0.60,12.4
2019-10-17,24.2,17.9,21.87,1.80,9.1
2019-10-18,28.0,17.4,25.62,0.00,7.7
2019-10-19,23.7,17.9,20.84,1.10,14.6
2019-10-20,18.4,16.2,8.55,1.70,11.6
2019-10-21,19.5,15.3,9.31,0.00,10.1
2019-10-22,21.9,15.3,14.69,0.00,10.7
2019-10-23,20.7,16.7,12.09,2.00,10.9
2019-10-24,25.7,16.5,19.54,0.00,11.3
2019-10-25,25.9,16.4,21.75,0.70,10.5
2019-10-26,24.0,18.4,16.59,7.40,12.5
2019-10-27,27.4,17.6,23.58,0.00,11.3
2019-10-28,31.1,18.6,26.78,4.80,9.4
2019-10-29,30.3,19.6,24.60,2.90,14.1
2019-10-30,27.7,19.5,17.70,2.50,7.4
2019-10-31,28.6,19.5,23.12,9.20,9.2
2019-11-01,23.3,19.0,17.39,6.30,14.6
2019-11-02,24.9,17.9,21.55,0.50,10.5
2019-11-03,29.9,17.1,27.24,0.00,17.9
2019-11-04,27.9,18.0,27.71,0.00,10.5
2019-11-05,34.4,19.8,26.91,3.40,16.2
2019-11-06,21.6,17.8,10.97,4.10,12.0
2019-11-07,22.4,17.4,10.30,0.00,9.9
2019-11-08,23.9,17.9,10.10,12.90,10.3
2019-11-09,23.4,18.2,13.14,10.50,8.0
2019-11-10,25.1,18.7,16.22,3.90,11.2
2019-11-11,21.2,16.8,8.16,14.70,12.8
2019-11-12,20.0,16.4,10.76,3.30,13.4
2019-11-13,21.4,16.4,13.29,0.80,12.7
2019-11-14,22.7,17.3,8.68,4.40,9.1
2019-11-15,23.2,16.2,11.21,12.60,15.1
2019-11-16,20.6,15.0,22.04,0.00,11.2
2019-11-17,21.3,14.7,17.28,0.00,10.6
2019-11-18,19.7,16.5,7.83,8.10,6.9
2019-11-19,20.1,17.0,8.11,2.30,8.6
2019-11-20,20.2,16.9,9.42,1.20,12.6
2019-11-21,23.8,16.6,22.81,4.80,11.2
2019-11-22,27.1,16.9,24.64,5.50,16.9
2019-11-23,27.0,18.1,24.09,5.20,14.0
2019-11-24,18.2,15.5,10.80,5.90,14.1
2019-11-25,20.0,13.3,20.29,0.00,9.3
2019-11-26,21.9,15.1,20.75,0.00,15.0
2019-11-27,29.0,14.5,28.04,0.00,16.2
2019-11-28,19.9,16.7,6.45,20.90,11.7
2019-11-29,19.0,15.9,8.62,2.40,8.7
2019-11-30,23.9,15.9,19.22,0.50,7.5
2019-12-01,26.3,17.7,17.25,1.40,12.1
2019-12-02,21.0,16.8,13.77,5.00,14.0
2019-12-03,20.4,15.9,11.68,0.00,9.7
2019-12-04,24.7,15.8,18.12,0.00,11.0
2019-12-05,27.5,17.8,18.04,0.50,20.8
2019-12-06,20.8,16.4,5.27,26.00,12.4
2019-12-07,22.4,15.2,25.06,0.10,12.9
2019-12-08,23.5,13.8,26.88,0.10,14.6
2019-12-09,26.4,15.1,23.85,0.20,9.7
2019-12-10,22.0,18.8,7.28,13.50,6.5
2019-12-11,23.7,18.2,17.19,29.10,6.1
2019-12-12,25.5,18.6,16.19,24.70,8.4
2019-12-13,26.4,18.7,21.39,1.60,10.7
2019-12-14,22.9,19.2,12.01,2.40,6.7
2019-12-15,28.3,18.4,28.49,0.00,14.6
2019-12-16,29.8,17.4,31.73,0.00,14.8
2019-12-17,29.2,18.2,28.22,0.00,11.4
2019-12-18,26.1,19.2,20.14,10.40,12.1
2019-12-19,22.3,19.0,12.09,5.90,7.9
2019-12-20,25.5,18.7,17.28,9.70,7.8
2019-12-21,28.2,19.2,13.80,0.30,12.3
2019-12-22,29.5,19.9,22.59,4.70,9.2
2019-12-23,21.6,18.7,7.05,29.20,6.9
2019-12-24,22.0,17.9,15.67,11.50,7.2
2019-12-25,25.2,16.2,26.60,0.00,12.0
2019-12-26,26.2,17.8,27.05,1.00,14.2
2019-12-27,25.6,19.1,25.14,0.70,10.0
2019-12-28,25.7,18.7,25.73,0.20,9.9
2019-12-29,25.7,18.1,27.74,0.40,13.4
2019-12-30,25.5,17.6,27.20,0.10,11.9
2019-12-31,27.5,18.4,27.62,0.20,9.8
2020-01-01,30.1,19.0,28.21,0.30,11.5
2020-01-02,26.2,20.6,13.24,6.20,8.9
2020-01-03,23.4,19.2,16.68,10.40,9.5
2020-01-04,22.7,18.8,13.31,2.50,6.5
2020-01-05,23.9,19.0,16.83,5.10,9.3
2020-01-06,29.3,19.1,25.65,12.30,13.2
2020-01-07,30.5,20.0,27.71,0.00,10.2
2020-01-08,28.7,22.2,21.43,4.10,6.8
2020-01-09,28.7,20.7,25.33,4.70,7.8
2020-01-10,28.5,21.6,23.78,6.70,7.3
2020-01-11,32.5,22.2,26.53,5.80,9.2
2020-01-12,24.8,21.0,11.29,36.30,10.5
2020-01-13,21.1,19.7,2.93,92.50,6.3
2020-01-14,23.5,19.2,14.94,2.10,11.6
2020-01-15,25.2,18.3,21.55,0.00,11.6
2020-01-16,30.7,19.5,26.75,0.00,10.7
2020-01-17,22.2,19.0,5.85,19.90,15.8
2020-01-18,21.0,18.3,10.53,1.20,8.4
2020-01-19,22.4,17.7,16.26,0.00,11.3
2020-01-20,21.9,18.1,13.14,0.10,10.5
2020-01-21,22.1,17.5,17.23,1.20,12.6
2020-01-22,24.1,15.7,24.48,0.00,14.4
2020-01-23,21.2,18.1,6.12,17.50,5.0
2020-01-24,21.7,17.6,12.23,16.90,9.3
2020-01-25,22.1,17.3,23.36,0.30,14.3
2020-01-26,25.6,15.9,28.93,0.00,12.2
2020-01-27,27.7,16.9,26.92,0.00,6.8
2020-01-28,28.8,19.3,27.45,2.10,13.8
2020-01-29,27.3,20.2,22.64,10.70,9.7
2020-01-30,30.8,20.7,24.53,0.40,12.8
2020-01-31,31.0,21.2,23.78,0.00,10.7
2020-02-01,26.9,20.9,17.49,19.20,9.3
2020-02-02,25.2,20.3,15.48,15.70,8.3
2020-02-03,24.9,19.9,15.84,21.20,10.8
2020-02-04,23.9,20.1,12.65,10.90,9.5
2020-02-05,23.8,20.2,10.56,29.40,7.0
2020-02-06,24.3,19.7,12.68,14.80,8.8
2020-02-07,25.1,19.0,17.58,12.70,10.2
2020-02-08,27.1,17.9,25.02,0.80,10.1
2020-02-09,29.9,19.6,26.43,0.80,17.7
2020-02-10,25.7,19.7,13.51,20.00,10.9
2020-02-11,19.5,18.1,3.06,27.40,7.1
2020-02-12,19.5,17.9,5.05,7.00,6.3
2020-02-13,22.4,17.2,14.49,7.30,9.0
2020-02-14,22.7,17.4,19.50,0.40,12.3
2020-02-15,28.0,17.0,24.16,0.20,10.9
2020-02-16,28.0,19.3,24.78,19.90,7.2
2020-02-17,26.8,19.4,21.86,7.10,8.3
2020-02-18,29.2,19.9,26.06,0.00,13.7
2020-02-19,30.1,19.6,27.49,0.00,13.0
2020-02-20,29.4,20.0,26.64,0.30,9.0
2020-02-21,24.1,20.2,14.98,13.60,10.9
2020-02-22,20.8,17.8,6.54,33.70,18.0
2020-02-23,20.5,17.7,12.55,0.30,9.0
2020-02-24,23.0,17.2,13.77,3.90,6.4
2020-02-25,27.4,17.8,20.04,5.90,11.9
2020-02-26,29.6,19.6,21.06,0.40,15.2
2020-02-27,21.1,17.9,3.56,13.90,10.9
2020-02-28,20.4,17.2,6.87,4.70,5.6
2020-02-29,21.8,18.1,9.02,3.60,9.0
2020-03-01,19.1,17.2,3.47,30.80,9.2
2020-03-02,18.9,16.6,5.89,16.00,5.1
2020-03-03,23.6,16.5,18.35,3.40,8.0
2020-03-04,20.4,17.8,8.09,0.00,10.6
2020-03-05,21.4,15.8,20.00,0.80,13.8
2020-03-06,21.0,15.6,20.78,0.60,13.3
2020-03-07,22.4,15.0,20.62,0.00,12.7
2020-03-08,23.5,16.5,22.79,1.90,11.6
2020-03-09,23.8,16.6,22.54,0.60,10.2
2020-03-10,23.9,16.7,20.48,0.20,11.2
2020-03-11,24.0,16.8,21.26,0.10,12.5
2020-03-12,24.1,16.1,22.33,0.00,12.8
2020-03-13,24.7,17.3,20.06,0.60,11.0
2020-03-14,24.6,18.3,19.54,1.00,10.0
2020-03-15,27.5,18.8,22.72,3.70,11.2
2020-03-16,28.8,19.0,23.72,4.20,8.9
2020-03-17,23.9,19.2,13.69,7.00,10.8
2020-03-18,25.0,17.6,20.94,0.40,12.4
2020-03-19,28.7,18.3,21.22,0.90,9.1
2020-03-20,28.5,19.8,18.94,8.80,11.9
2020-03-21,20.7,18.6,4.54,12.50,6.6
2020-03-22,22.1,17.2,13.19,3.10,10.0
2020-03-23,21.3,15.9,19.14,0.50,11.9
2020-03-24,20.1,15.3,16.75,1.30,11.9
2020-03-25,21.8,14.7,19.97,0.00,9.5
2020-03-26,22.2,14.7,21.32,0.00,10.5
2020-03-27,23.2,14.5,20.58,0.00,12.0
2020-03-28,24.2,15.4,21.12,0.00,10.6
2020-03-29,24.8,17.1,18.96,6.20,9.4
2020-03-30,22.3,18.4,10.22,16.30,6.5
2020-03-31,23.2,17.8,15.78,3.90,8.2
2020-04-01,22.6,18.2,15.23,1.80,9.5
2020-04-02,27.5,17.9,18.62,0.00,12.3
2020-04-03,27.5,18.6,17.96,4.10,13.3
2020-04-04,21.4,16.1,19.60,0.00,12.0
2020-04-05,22.5,15.0,17.05,0.00,11.1
2020-04-06,25.3,17.2,17.11,0.00,13.0
2020-04-07,23.5,18.3,14.94,5.10,14.8
2020-04-08,18.5,16.1,3.31,10.80,9.1
2020-04-09,20.2,14.7,16.83,0.70,10.3
2020-04-10,19.4,15.2,8.35,0.00,8.3
2020-04-11,18.4,16.0,4.63,1.50,9.0
2020-04-12,19.6,15.3,10.09,0.30,7.8
2020-04-13,20.9,14.7,13.74,0.00,10.7
2020-04-14,24.9,14.8,17.20,0.00,15.6
2020-04-15,24.6,17.4,15.79,0.00,10.5
2020-04-16,20.4,18.3,4.86,1.80,7.6
2020-04-17,18.6,16.9,4.46,1.70,8.2
2020-04-18,19.8,14.6,13.60,0.40,9.3
2020-04-19,20.1,14.9,13.61,0.70,8.1
2020-04-20,21.1,14.2,16.62,0.00,9.3
2020-04-21,21.5,13.1,18.91,0.00,8.7
2020-04-22,21.8,14.3,16.67,0.40,8.8
2020-04-23,21.3,15.7,14.58,0.10,9.5
2020-04-24,21.6,14.7,14.86,0.00,10.6
2020-04-25,23.0,13.1,19.56,0.00,8.3
2020-04-26,24.1,14.0,19.67,0.00,7.9
2020-04-27,22.5,14.2,17.87,1.10,10.3
2020-04-28,22.1,14.1,15.47,0.00,8.3
2020-04-29,23.9,13.9,19.70,0.00,10.1
2020-04-30,25.8,12.9,18.52,0.00,11.3
2020-05-01,23.6,15.0,18.31,0.00,10.7
2020-05-02,25.0,15.8,16.30,2.30,12.3
2020-05-03,18.4,13.7,10.86,7.00,13.9
2020-05-04,20.3,11.7,16.72,0.00,10.6
2020-05-05,24.4,13.0,17.81,0.00,12.7
2020-05-06,26.2,15.3,16.52,0.10,10.0
2020-05-07,16.9,13.7,2.84,11.30,14.5
2020-05-08,17.3,12.7,12.60,1.30,8.4
2020-05-09,19.2,10.4,16.68,0.00,11.1
2020-05-10,20.8,10.2,18.47,0.00,11.4
2020-05-11,22.4,10.8,18.37,0.00,14.4
2020-05-12,23.5,10.6,18.21,0.00,10.8
2020-05-13,25.1,12.6,16.37,0.00,9.3
2020-05-14,21.8,15.1,11.33,4.30,11.0
2020-05-15,17.7,15.3,6.67,15.10,10.6
2020-05-16,19.9,14.5,9.36,0.10,6.1
2020-05-17,21.4,14.2,13.72,0.00,7.9
2020-05-18,21.3,15.4,13.07,0.00,8.8
2020-05-19,20.9,14.9,13.19,0.70,11.2
2020-05-20,21.0,13.0,16.62,0.00,8.7
2020-05-21,22.4,12.6,15.09,0.00,12.0
2020-05-22,24.9,13.2,15.57,0.00,13.3
2020-05-23,25.8,14.7,12.45,0.30,18.9
2020-05-24,19.8,14.1,2.37,25.30,8.6
2020-05-25,19.8,14.0,11.83,0.70,6.1
2020-05-26,18.7,10.9,16.54,0.00,10.3
2020-05-27,18.6,9.1,16.14,0.00,15.0
2020-05-28,17.9,11.9,11.90,0.00,7.2
2020-05-29,19.1,9.2,15.43,0.00,8.3
2020-05-30,21.8,10.6,16.38,0.00,8.3
2020-05-31,22.9,9.8,16.44,0.00,8.4
2020-06-01,23.3,10.1,16.33,0.00,8.8
2020-06-02,22.3,11.6,15.70,0.00,12.3
2020-06-03,19.7,13.9,10.31,0.10,8.7
2020-06-04,20.6,15.1,9.86,0.10,6.5
2020-06-05,21.3,15.5,9.76,0.00,8.6
2020-06-06,23.2,14.1,12.23,0.00,10.3
2020-06-07,22.0,15.9,11.34,1.80,8.3
2020-06-08,21.8,14.9,12.19,0.00,5.9
2020-06-09,24.8,15.4,14.01,0.00,7.2
2020-06-10,26.4,15.8,12.48,0.00,8.0
2020-06-11,27.9,16.2,15.08,0.00,8.7
2020-06-12,26.9,16.1,14.87,0.00,7.2
2020-06-13,27.2,15.5,15.19,0.00,8.0
2020-06-14,19.3,15.9,6.88,5.90,13.7
2020-06-15,17.3,15.2,3.83,2.30,8.6
2020-06-16,18.0,15.1,8.13,0.10,9.5
2020-06-17,19.5,12.9,12.53,0.10,9.4
2020-06-18,21.1,11.0,15.14,0.00,13.4
2020-06-19,23.5,10.9,14.47,0.00,8.8
2020-06-20,25.0,12.7,14.62,0.00,9.0
2020-06-21,25.7,14.4,15.13,0.00,11.4
2020-06-22,25.8,13.2,15.22,0.00,8.1
2020-06-23,23.8,13.6,14.14,0.00,9.4
2020-06-24,23.2,11.3,15.49,0.00,12.2
2020-06-25,24.9,11.1,14.52,0.00,13.6
2020-06-26,21.4,12.7,11.16,0.30,10.1
2020-06-27,23.7,14.6,13.45,0.40,20.2
2020-06-28,17.2,14.0,8.28,2.00,9.3
2020-06-29,17.5,13.4,8.31,0.90,9.6
2020-06-30,22.3,12.0,13.19,0.00,21.2
2020-07-01,24.2,14.3,9.00,0.00,14.2
2020-07-02,17.5,13.5,9.75,0.00,10.5
2020-07-03,16.2,13.8,6.37,0.90,12.7
2020-07-04,17.4,12.9,6.52,0.20,11.5
2020-07-05,22.9,12.7,14.87,0.00,15.1
2020-07-06,25.8,12.1,15.43,0.00,11.8
2020-07-07,22.7,14.0,14.01,0.00,7.4
2020-07-08,25.8,11.9,15.74,0.00,12.8
2020-07-09,20.7,12.5,10.10,0.00,14.2
2020-07-10,17.9,13.7,5.39,0.00,8.0
2020-07-11,24.3,12.0,15.45,0.00,14.8
2020-07-12,26.2,12.4,15.43,0.00,15.8
2020-07-13,27.4,13.7,15.45,0.00,9.6
2020-07-14,18.6,14.1,5.43,4.10,11.7
2020-07-15,15.4,13.7,2.88,2.20,8.7
2020-07-16,16.0,12.2,5.86,0.20,7.8
2020-07-17,21.1,11.9,14.95,0.00,6.8
2020-07-18,21.3,12.7,14.62,0.00,8.0
2020-07-19,22.2,10.9,16.42,0.00,13.0
2020-07-20,23.7,10.5,16.50,0.00,10.8
2020-07-21,24.6,12.0,16.66,0.00,7.9
2020-07-22,24.8,13.5,16.62,0.00,7.8
2020-07-23,24.0,14.1,16.53,0.00,9.3
2020-07-24,24.3,12.2,17.04,0.00,11.4
2020-07-25,25.3,12.1,16.69,0.00,14.8
2020-07-26,21.5,13.1,13.52,0.10,12.0
2020-07-27,24.7,14.1,16.24,0.00,12.1
2020-07-28,26.7,12.8,17.14,0.00,10.0
2020-07-29,19.3,14.5,8.69,2.90,11.2
2020-07-30,15.9,13.4,2.66,11.80,12.5
2020-07-31,16.7,13.0,7.49,0.30,11.0
2020-08-01,19.3,13.4,11.47,0.20,10.5
2020-08-02,19.5,12.6,15.37,0.00,10.7
2020-08-03,19.2,9.8,16.19,0.00,9.4
2020-08-04,19.5,10.5,16.95,0.00,10.5
2020-08-05,20.0,10.1,17.83,0.00,11.1
2020-08-06,20.1,11.1,17.73,0.00,9.2
2020-08-07,21.2,10.4,18.60,0.00,8.9
2020-08-08,22.5,10.4,18.32,0.00,10.2
2020-08-09,22.1,11.4,17.72,0.00,7.3
2020-08-10,24.5,11.7,18.35,0.00,10.1
2020-08-11,25.8,11.7,18.79,0.00,10.5
2020-08-12,25.9,12.2,17.82,0.00,8.7
2020-08-13,27.3,13.7,18.29,0.00,14.8
2020-08-14,26.6,14.4,18.00,0.00,11.2
2020-08-15,28.6,15.1,18.30,0.00,22.1
2020-08-16,22.4,15.2,12.92,0.00,11.4
2020-08-17,25.5,15.5,11.79,1.10,7.4
2020-08-18,24.6,15.9,15.03,1.60,11.0
2020-08-19,28.2,15.3,19.37,0.00,12.8
2020-08-20,18.2,14.7,5.05,4.40,12.3
2020-08-21,14.6,12.3,3.28,14.00,9.8
2020-08-22,13.9,12.0,4.04,11.60,9.2
2020-08-23,16.5,10.7,14.18,0.30,9.4
2020-08-24,16.9,10.0,15.01,0.20,10.1
2020-08-25,16.7,11.3,14.30,0.10,12.3
2020-08-26,17.8,11.0,13.45,0.00,9.2
2020-08-27,20.5,10.8,16.73,0.00,11.7
2020-08-28,23.9,12.5,20.58,0.00,11.8
2020-08-29,25.9,13.3,20.94,0.00,15.5
2020-08-30,28.2,13.7,21.47,0.00,13.9
2020-08-31,21.3,16.5,14.40,0.00,9.7
2020-09-01,20.5,15.8,14.01,1.90,13.6
2020-09-02,21.6,15.3,14.52,0.20,12.6
2020-09-03,25.9,13.9,21.81,0.00,14.9
2020-09-04,29.5,13.6,22.37,0.00,11.1
2020-09-05,24.1,15.3,18.89,0.00,8.7
2020-09-06,28.3,15.3,22.53,0.00,10.6
2020-09-07,24.0,15.4,20.75,0.00,12.1
2020-09-08,24.9,15.8,21.60,0.00,12.3
2020-09-09,25.7,16.7,18.36,0.00,12.3
2020-09-10,30.4,16.2,21.11,0.00,15.5
2020-09-11,26.1,16.7,20.92,0.00,11.4
2020-09-12,31.5,17.4,22.79,0.00,10.1
2020-09-13,28.7,16.9,23.64,0.00,8.7
2020-09-14,30.8,15.4,23.82,0.00,16.9
2020-09-15,19.8,16.7,11.42,7.40,12.7
2020-09-16,25.2,16.2,19.75,0.00,12.2
2020-09-17,29.9,14.8,23.64,0.00,14.0
2020-09-18,28.8,16.8,22.16,0.00,13.9
2020-09-19,31.3,18.1,21.60,0.70,12.6
2020-09-20,21.6,17.3,9.75,11.70,8.2
2020-09-21,22.0,16.5,12.36,27.40,12.1
2020-09-22,16.5,14.6,2.57,34.70,13.7
2020-09-23,18.8,14.5,9.35,0.00,9.4
2020-09-24,21.3,14.4,16.78,0.70,9.8
2020-09-25,24.1,15.4,21.51,0.00,10.6
2020-09-26,26.7,15.9,23.62,0.00,9.0
2020-09-27,31.3,16.5,23.59,0.00,12.7
2020-09-28,31.1,17.6,24.04,0.00,13.9
2020-09-29,22.8,17.8,15.48,0.10,13.3
2020-09-30,28.4,17.8,24.94,0.00,8.8
2020-10-01,32.1,18.7,24.84,0.00,9.3
2020-10-02,34.7,18.7,25.50,0.00,11.2
2020-10-03,25.5,19.6,23.30,0.00,15.9
2020-10-04,21.6,17.6,8.72,2.50,11.8
2020-10-05,24.0,17.0,15.43,0.00,13.6
2020-10-06,30.7,17.9,25.30,0.30,11.2
2020-10-07,27.4,18.9,19.98,0.00,10.5
2020-10-08,28.3,19.2,22.04,0.60,15.0
2020-10-09,24.9,18.7,15.85,6.80,8.1
2020-10-10,20.9,16.2,18.45,10.10,19.0
2020-10-11,19.8,15.1,20.30,0.00,12.2
2020-10-12,22.2,14.3,18.67,0.00,10.9
2020-10-13,26.8,15.1,24.08,0.20,13.0
2020-10-14,26.3,17.8,21.50,1.70,12.8
2020-10-15,21.5,17.5,11.13,2.50,14.1
2020-10-16,19.5,15.6,11.26,3.20,13.7
2020-10-17,20.0,14.1,13.68,0.60,10.0
2020-10-18,22.4,13.6,19.79,0.00,11.9
2020-10-19,23.4,15.9,15.54,0.00,12.0
2020-10-20,26.3,15.8,23.64,0.00,12.3
2020-10-21,25.2,17.5,24.13,0.20,14.8
2020-10-22,21.9,16.2,20.24,0.50,17.4
2020-10-23,24.4,14.1,23.06,0.00,12.9
2020-10-24,21.6,16.0,12.46,2.80,12.0
2020-10-25,22.1,16.7,17.73,0.20,12.0
2020-10-26,22.6,16.3,20.50,0.50,11.5
2020-10-27,27.6,16.0,26.16,0.00,9.1
2020-10-28,30.4,17.6,26.55,0.00,15.3
2020-10-29,28.9,18.8,24.04,3.90,15.0
2020-10-30,19.8,16.3,4.14,29.90,15.5
2020-10-31,18.7,15.2,11.51,6.80,11.3
2020-11-01,16.9,13.9,7.53,2.30,11.9
2020-11-02,17.8,12.2,18.44,0.80,12.2
2020-11-03,19.9,12.0,15.76,4.90,12.5
2020-11-04,20.8,14.2,20.90,20.70,9.9
2020-11-05,20.1,13.5,19.93,3.50,12.2
2020-11-06,19.8,14.5,19.36,0.00,11.2
2020-11-07,20.6,14.7,14.47,0.00,10.2
2020-11-08,22.8,16.5,15.74,0.60,9.2
2020-11-09,23.6,17.6,17.24,0.30,8.9
2020-11-10,23.5,18.4,13.12,10.40,6.1
2020-11-11,23.4,18.2,18.41,23.00,7.9
2020-11-12,23.8,17.5,16.26,18.10,9.1
2020-11-13,23.7,17.9,17.89,15.10,9.2
2020-11-14,23.3,18.3,17.98,0.60,8.3
2020-11-15,28.0,17.6,28.22,0.20,9.0
2020-11-16,29.0,18.1,25.78,0.50,10.1
2020-11-17,25.8,18.8,20.90,3.00,17.0
2020-11-18,20.4,17.1,7.56,15.50,12.3
2020-11-19,22.3,16.8,10.95,19.00,11.4
2020-11-20,18.5,16.2,10.65,5.20,10.1
2020-11-21,21.0,15.0,20.17,0.20,12.2
2020-11-22,21.1,16.0,18.51,9.70,9.8
2020-11-23,22.2,15.5,21.04,1.00,13.2
2020-11-24,22.8,16.9,22.76,1.40,12.2
2020-11-25,24.4,16.2,22.09,0.00,13.1
2020-11-26,28.0,17.2,29.36,0.00,15.9
2020-11-27,28.2,17.0,30.98,0.00,12.0
2020-11-28,26.8,17.1,29.13,0.00,12.3
2020-11-29,28.2,17.3,27.96,0.00,15.2
2020-11-30,29.5,18.2,29.01,0.40,10.9
2020-12-01,26.3,20.0,21.61,2.00,12.3
2020-12-02,24.9,19.2,17.41,6.50,8.6
2020-12-03,30.4,18.5,27.54,1.30,12.4
2020-12-04,29.0,20.5,24.62,1.40,13.1
2020-12-05,24.1,18.7,18.35,5.20,13.9
2020-12-06,18.8,18.4,3.79,17.50,7.9
2020-12-07,21.8,18.4,7.40,20.30,5.5
2020-12-08,24.7,18.7,19.44,13.10,9.7
2020-12-09,22.1,18.5,10.76,15.60,6.5
2020-12-10,21.9,18.0,13.26,8.30,5.8
2020-12-11,24.8,17.0,21.20,5.30,9.8
2020-12-12,25.6,18.3,17.95,3.90,7.2
2020-12-13,26.6,19.7,21.32,6.30,7.6
2020-12-14,29.6,20.7,24.32,1.00,9.0
2020-12-15,30.5,20.3,27.91,0.20,11.3
2020-12-16,26.9,19.9,25.53,0.90,11.4
2020-12-17,27.0,20.1,17.77,2.10,6.1
2020-12-18,27.1,20.0,21.95,2.40,9.4
2020-12-19,26.6,20.5,24.78,0.70,9.5
2020-12-20,31.2,20.1,29.67,0.20,11.4
2020-12-21,31.4,20.6,28.59,0.30,11.2
2020-12-22,24.3,18.9,10.94,23.40,11.5
2020-12-23,19.9,17.9,5.80,8.80,9.4
2020-12-24,19.6,17.1,7.43,9.20,4.4
2020-12-25,22.2,17.6,13.23,12.10,6.9
2020-12-26,23.8,17.0,21.73,4.00,10.3
2020-12-27,22.4,18.9,10.22,11.00,5.8
2020-12-28,25.5,18.6,16.54,9.10,12.2
2020-12-29,27.7,18.4,22.33,2.50,7.2
2020-12-30,27.6,20.0,17.29,0.00,10.1
2020-12-31,30.8,19.4,28.56,8.30,10.8
2021-01-01,25.5,19.6,16.56,5.70,9.7
2021-01-02,22.8,18.0,13.80,53.80,8.6
2021-01-03,21.6,17.7,14.55,21.30,9.4
2021-01-04,25.8,17.4,24.15,0.70,8.7
2021-01-05,28.2,19.1,26.27,1.40,6.9
2021-01-06,29.3,20.2,25.75,1.20,6.9
2021-01-07,29.3,20.7,20.47,1.50,8.1
2021-01-08,25.4,21.0,16.48,12.00,12.1
2021-01-09,25.9,20.1,20.31,10.50,11.4
2021-01-10,25.5,20.2,17.02,14.20,8.9
2021-01-11,26.7,20.3,19.45,9.70,9.8
2021-01-12,27.8,20.2,26.43,17.00,11.5
2021-01-13,26.4,20.3,24.15,5.10,8.9
2021-01-14,27.0,19.3,26.72,1.70,10.8
2021-01-15,26.9,18.7,26.54,0.60,10.2
2021-01-16,27.8,19.8,26.67,0.20,13.1
2021-01-17,29.0,19.3,29.04,0.00,15.2
2021-01-18,30.0,19.6,29.85,0.00,14.4
2021-01-19,29.6,20.3,30.23,0.00,14.1
2021-01-20,28.6,19.4,23.44,0.00,12.5
2021-01-21,27.0,19.5,26.31,0.20,12.0
2021-01-22,27.1,19.0,23.75,0.10,11.7
2021-01-23,27.5,18.7,26.44,0.00,13.9
2021-01-24,28.2,18.0,25.06,0.00,10.2
2021-01-25,29.6,18.7,26.70,0.20,11.9
2021-01-26,30.4,20.1,25.85,0.00,9.1
2021-01-27,31.6,19.0,29.83,0.00,15.9
2021-01-28,32.5,19.5,28.71,0.00,13.6
2021-01-29,32.6,19.5,28.42,0.00,13.1
2021-01-30,32.3,20.3,27.36,0.00,14.1
2021-01-31,32.7,21.2,27.08,0.00,12.6
2021-02-01,29.8,20.9,21.82,2.30,10.1
2021-02-02,29.8,21.8,23.28,0.50,9.1
2021-02-03,30.4,20.2,26.23,0.00,12.3
2021-02-04,32.4,20.5,27.00,0.00,15.5
2021-02-05,23.9,18.8,13.19,62.90,13.4
2021-02-06,19.1,16.5,7.94,52.70,6.3
2021-02-07,21.3,16.4,16.29,0.80,10.3
2021-02-08,20.4,17.5,8.92,4.80,5.8
2021-02-09,22.2,16.8,20.38,2.20,10.0
2021-02-10,23.4,17.0,19.92,4.50,9.2
2021-02-11,24.9,18.0,20.92,11.10,6.9
2021-02-12,25.5,18.3,19.57,6.20,9.7
2021-02-13,25.3,19.9,14.88,15.30,6.4
2021-02-14,27.7,19.0,22.95,5.10,9.8
2021-02-15,26.6,19.4,21.45,7.60,7.6
2021-02-16,26.3,18.6,23.64,1.60,7.9
2021-02-17,27.5,19.7,20.57,2.20,8.5
2021-02-18,25.6,19.5,18.94,17.10,9.5
2021-02-19,25.2,20.1,22.81,0.80,10.6
2021-02-20,25.0,18.9,22.19,2.40,9.2
2021-02-21,24.4,19.2,15.47,8.90,7.9
2021-02-22,23.9,18.2,19.04,3.70,9.8
2021-02-23,27.0,16.3,26.87,0.00,11.8
2021-02-24,28.3,17.5,26.08,0.00,13.5
2021-02-25,26.0,18.7,18.38,2.80,10.5
2021-02-26,24.4,18.0,13.56,3.30,8.0
2021-02-27,24.2,18.7,13.62,1.80,6.0
2021-02-28,25.2,18.1,20.97,0.10,12.4
2021-03-01,25.6,17.5,21.18,0.00,12.1
2021-03-02,28.1,18.0,24.87,0.00,11.6
2021-03-03,29.1,17.9,24.55,0.00,12.4
2021-03-04,30.0,18.9,23.99,0.00,11.1
2021-03-05,31.5,19.7,19.84,0.90,12.1
2021-03-06,24.5,19.7,12.57,12.30,8.0
2021-03-07,21.3,18.8,6.91,20.10,4.5
2021-03-08,22.9,18.3,15.58,8.20,9.7
2021-03-09,24.1,17.7,20.08,0.40,8.7
2021-03-10,23.6,18.3,17.87,3.80,10.9
2021-03-11,26.7,17.7,21.32,0.30,13.0
2021-03-12,26.0,20.1,19.53,4.00,8.7
2021-03-13,25.4,19.0,19.29,5.20,8.1
2021-03-14,27.0,18.5,20.37,6.90,5.8
2021-03-15,28.1,18.7,23.13,0.00,10.6
2021-03-16,27.3,19.6,22.14,4.70,8.9
2021-03-17,28.4,17.9,24.64,0.40,8.8
2021-03-18,28.8,19.2,21.22,1.30,9.7
2021-03-19,25.6,19.6,19.45,1.70,8.3
2021-03-20,27.6,18.3,22.33,0.00,9.7
2021-03-21,28.0,18.1,24.91,0.00,9.7
2021-03-22,29.5,17.7,24.65,0.00,13.2
2021-03-23,27.2,19.7,23.67,0.00,9.4
2021-03-24,29.1,17.9,23.60,0.00,13.0
2021-03-25,27.9,18.6,22.80,0.00,13.0
2021-03-26,28.5,18.9,21.02,0.00,8.4
2021-03-27,31.0,19.8,23.15,0.20,11.6
2021-03-28,28.6,19.9,21.93,0.00,8.2
2021-03-29,30.4,20.0,21.37,0.40,8.3
2021-03-30,28.4,19.7,18.62,5.80,10.6
2021-03-31,22.5,17.3,14.08,1.20,14.6
2021-04-01,23.7,15.7,22.29,0.10,15.3
2021-04-02,23.2,16.8,20.30,0.00,13.7
2021-04-03,23.8,16.0,18.73,0.80,13.1
2021-04-04,22.5,16.5,17.41,1.60,12.6
2021-04-05,22.6,16.4,15.87,0.30,9.7
2021-04-06,23.4,15.3,19.45,0.40,10.5
2021-04-07,21.7,17.1,10.37,4.40,13.0
2021-04-08,22.7,14.7,18.21,0.00,12.3
2021-04-09,23.8,16.0,18.92,0.00,11.2
2021-04-10,25.4,14.1,22.76,0.00,9.8
2021-04-11,27.1,13.8,22.59,0.00,10.6
2021-04-12,29.1,15.5,22.42,0.60,15.3
2021-04-13,20.6,17.0,5.23,10.90,11.7
2021-04-14,20.9,15.5,13.77,0.00,10.3
2021-04-15,22.1,13.8,18.19,0.00,10.9
2021-04-16,23.3,14.3,19.06,0.00,8.9
2021-04-17,24.5,13.8,17.40,0.00,10.3
2021-04-18,25.1,15.6,17.18,3.00,9.2
2021-04-19,22.4,16.6,15.60,7.80,15.5
2021-04-20,21.2,16.3,17.91,0.40,21.2
2021-04-21,19.6,16.0,12.69,7.60,13.4
2021-04-22,18.7,15.3,10.06,9.70,9.9
2021-04-23,21.2,13.7,18.21,0.00,12.6
2021-04-24,22.6,13.8,18.30,0.00,10.5
2021-04-25,23.8,14.7,18.22,0.00,8.4
2021-04-26,22.4,16.9,14.23,0.00,10.8
2021-04-27,20.4,17.0,9.02,6.60,10.0
2021-04-28,20.8,16.2,12.06,0.70,10.1
2021-04-29,17.6,15.3,3.14,4.10,5.6
2021-04-30,19.6,13.1,12.61,0.70,7.8
2021-05-01,20.3,12.7,13.51,0.00,9.2
2021-05-02,21.4,15.4,13.83,0.10,7.6
2021-05-03,22.5,13.6,18.48,0.00,8.7
2021-05-04,23.8,13.5,18.30,0.00,7.9
2021-05-05,26.1,14.2,18.59,0.00,8.4
2021-05-06,25.2,15.4,17.76,0.00,6.4
2021-05-07,20.0,16.0,12.31,3.90,14.5
2021-05-08,18.3,15.7,7.00,0.90,6.7
2021-05-09,18.9,14.5,13.46,0.80,9.9
2021-05-10,20.3,13.6,14.17,0.00,7.1
2021-05-11,23.1,12.1,17.65,0.00,8.3
2021-05-12,22.4,14.2,14.71,0.00,9.4
2021-05-13,17.5,14.6,6.10,13.60,9.1
2021-05-14,18.6,13.8,10.52,0.20,6.4
2021-05-15,20.1,12.2,12.99,0.00,8.8
2021-05-16,20.2,14.6,11.59,0.00,7.0
2021-05-17,22.2,14.2,15.00,0.00,7.3
2021-05-18,18.7,14.1,11.58,1.30,10.5
2021-05-19,19.8,13.4,12.31,0.00,8.6
2021-05-20,21.0,12.5,16.20,0.00,10.8
2021-05-21,22.7,13.7,15.29,0.00,8.0
2021-05-22,27.2,14.2,15.52,0.70,19.5
2021-05-23,25.8,16.4,14.44,0.00,7.2
2021-05-24,19.8,14.3,8.38,0.00,11.7
2021-05-25,19.6,12.6,14.50,0.00,6.6
2021-05-26,21.1,11.7,12.83,0.00,8.5
2021-05-27,21.3,14.8,9.80,0.00,6.5
2021-05-28,25.5,14.0,15.04,0.00,13.3
2021-05-29,29.3,17.2,15.14,0.50,14.9
2021-05-30,22.6,16.9,10.76,10.40,9.1
2021-05-31,19.5,16.4,5.90,26.50,5.1
2021-06-01,19.7,15.7,11.87,1.20,7.8
2021-06-02,23.7,14.1,14.52,0.00,10.8
2021-06-03,25.5,13.8,15.24,0.00,8.4
2021-06-04,22.1,14.7,13.51,0.00,7.9
2021-06-05,23.0,14.0,15.60,0.00,10.9
2021-06-06,25.0,13.7,14.10,0.00,11.0
2021-06-07,21.6,14.6,11.93,0.50,5.6
2021-06-08,19.7,16.2,7.52,4.50,6.5
2021-06-09,20.2,15.3,9.59,4.50,8.6
2021-06-10,21.9,15.1,11.70,0.00,10.1
2021-06-11,20.5,15.6,5.30,4.00,13.2
2021-06-12,17.7,14.1,9.27,1.00,7.5
2021-06-13,17.4,12.8,5.72,1.00,9.5
2021-06-14,18.4,10.6,14.18,0.00,6.3
2021-06-15,19.9,10.2,15.42,0.00,7.1
2021-06-16,17.8,11.7,10.54,0.80,10.7
2021-06-17,17.1,13.0,9.11,1.80,7.4
2021-06-18,17.9,11.5,10.29,0.70,8.4
2021-06-19,18.6,12.7,6.13,0.00,10.5
2021-06-20,23.6,12.4,13.49,0.90,14.3
2021-06-21,17.7,13.0,11.29,0.00,9.9
2021-06-22,17.5,11.5,7.13,4.30,4.7
2021-06-23,17.2,12.8,9.27,1.80,7.4
2021-06-24,19.8,9.7,14.70,0.00,11.2
2021-06-25,24.1,11.1,15.02,0.00,9.0
2021-06-26,22.5,14.6,14.55,0.00,6.6
2021-06-27,23.2,12.1,15.39,0.00,14.1
2021-06-28,22.9,10.8,15.34,0.00,10.2
2021-06-29,16.7,13.2,6.53,1.50,13.8
2021-06-30,14.0,9.8,3.78,2.70,13.6
2021-07-01,17.0,7.9,13.85,0.00,8.7
2021-07-02,19.4,8.2,15.22,0.00,7.6
2021-07-03,21.6,8.3,15.52,0.00,8.4
2021-07-04,17.9,11.1,12.00,0.80,8.7
2021-07-05,17.0,11.3,8.34,0.80,7.4
2021-07-06,16.6,11.0,7.03,0.20,5.4
2021-07-07,18.4,9.4,13.06,0.00,7.6
2021-07-08,19.6,9.9,15.06,0.00,8.2
2021-07-09,19.5,11.9,13.53,0.00,8.4
2021-07-10,20.5,11.5,14.77,0.00,7.4
2021-07-11,21.9,10.9,15.62,0.00,7.9
2021-07-12,21.3,12.5,15.49,0.00,8.7
2021-07-13,22.4,10.5,15.73,0.00,7.7
2021-07-14,23.8,11.1,14.93,0.00,11.5
2021-07-15,25.6,11.5,15.67,0.00,9.0
2021-07-16,20.2,12.0,11.71,0.10,13.8
2021-07-17,22.5,14.6,13.08,0.00,7.7
2021-07-18,22.0,13.9,12.33,0.50,10.0
2021-07-19,15.5,11.0,5.76,1.60,13.0
2021-07-20,16.3,8.6,13.37,0.00,8.6
2021-07-21,18.4,7.7,13.09,0.00,6.1
2021-07-22,19.4,9.1,15.89,0.00,8.7
2021-07-23,20.0,11.4,15.10,0.00,8.9
2021-07-24,22.2,9.6,17.23,0.00,9.4
2021-07-25,23.4,9.9,17.29,0.00,11.5
2021-07-26,23.9,9.8,17.45,0.00,14.8
2021-07-27,26.7,10.5,17.32,0.00,15.8
2021-07-28,15.8,11.7,2.91,8.50,11.5
2021-07-29,13.5,9.4,13.07,1.10,16.9
2021-07-30,12.9,9.2,10.03,0.00,11.9
2021-07-31,15.4,7.1,13.13,0.00,9.7
2021-08-01,17.5,9.1,13.02,0.00,8.7
2021-08-02,19.5,8.4,17.52,0.00,7.9
2021-08-03,15.6,11.3,6.24,1.60,11.8
2021-08-04,16.6,11.3,11.06,0.10,8.6
2021-08-05,18.9,9.9,13.01,0.00,10.2
2021-08-06,19.6,11.5,12.30,0.20,10.7
2021-08-07,20.6,11.2,17.11,0.00,10.2
2021-08-08,22.1,10.7,15.70,0.00,14.4
2021-08-09,23.3,10.9,15.72,0.00,11.2
2021-08-10,25.6,11.5,18.53,0.00,10.9
2021-08-11,20.3,11.6,16.88,0.40,17.7
2021-08-12,16.7,14.3,4.42,2.30,7.6
2021-08-13,16.9,13.8,6.90,2.60,12.7
2021-08-14,17.4,13.3,5.10,0.10,7.9
2021-08-15,19.9,13.4,11.00,0.00,11.4
2021-08-16,23.6,13.1,16.96,5.80,12.1
2021-08-17,24.6,12.8,18.82,0.00,9.7
2021-08-18,25.6,13.7,19.39,0.00,10.2
2021-08-19,25.5,13.3,19.97,0.00,13.0
2021-08-20,26.3,12.7,20.53,0.00,15.2
2021-08-21,26.6,12.4,20.42,0.00,12.0
2021-08-22,26.1,12.7,20.65,0.00,12.4
2021-08-23,27.8,12.2,20.79,0.00,13.6
2021-08-24,28.7,13.3,20.74,0.00,10.1
2021-08-25,28.8,14.0,20.91,0.00,17.0
2021-08-26,30.2,14.9,20.76,0.00,20.3
2021-08-27,21.5,16.8,13.42,0.50,13.0
2021-08-28,20.6,15.6,12.48,2.70,10.0
2021-08-29,19.7,15.2,8.27,5.80,7.9
2021-08-30,17.9,14.6,7.44,3.80,10.2
2021-08-31,18.7,13.4,14.15,2.80,15.1
2021-09-01,19.5,13.4,16.82,1.10,12.9
2021-09-02,22.3,13.1,15.69,0.00,12.4
2021-09-03,25.4,13.3,20.34,0.00,11.9
2021-09-04,24.3,14.8,21.22,0.00,12.2
2021-09-05,21.7,15.0,15.10,0.00,13.8
2021-09-06,21.7,14.3,15.91,0.10,12.4
2021-09-07,20.8,14.8,13.77,0.00,15.2
2021-09-08,26.2,15.2,21.03,0.00,16.5
2021-09-09,30.7,16.3,20.64,0.00,11.4
2021-09-10,25.4,16.8,16.11,5.40,9.8
2021-09-11,20.2,16.6,8.10,3.20,9.0
2021-09-12,23.8,15.8,19.78,0.30,12.0
2021-09-13,28.8,15.6,22.65,0.00,10.3
2021-09-14,33.1,17.4,22.62,0.00,14.9
2021-09-15,27.9,18.3,22.13,0.30,16.8
2021-09-16,18.7,16.0,4.15,2.40,10.9
2021-09-17,19.1,15.5,6.83,0.10,10.3
2021-09-18,26.5,15.1,22.93,0.00,13.6
2021-09-19,24.6,16.2,18.69,0.10,13.9
2021-09-20,26.6,17.2,17.80,0.40,10.6
2021-09-21,30.4,17.0,22.27,1.80,23.4
2021-09-22,17.9,14.3,12.27,0.50,17.1
2021-09-23,18.5,12.1,20.91,0.00,12.8
2021-09-24,23.0,10.7,24.42,0.00,11.4
2021-09-25,23.9,14.0,20.69,0.20,9.2
2021-09-26,26.1,15.2,23.83,0.20,12.6
2021-09-27,24.9,15.8,20.77,0.10,8.4
2021-09-28,27.0,15.8,21.18,0.00,14.1
2021-09-29,27.9,16.4,22.91,2.50,13.1
2021-09-30,21.3,16.4,15.04,0.20,12.3
2021-10-01,26.6,16.0,17.91,16.60,16.9
2021-10-02,25.2,17.5,19.33,5.60,12.6
2021-10-03,27.8,17.4,17.56,8.50,14.1
2021-10-04,28.8,17.2,20.06,4.80,12.8
2021-10-05,18.5,16.5,4.94,5.00,10.6
2021-10-06,20.5,15.8,8.80,0.10,11.2
2021-10-07,24.9,15.8,19.36,3.30,20.9
2021-10-08,19.2,15.2,10.91,0.50,9.3
2021-10-09,17.8,14.5,6.94,0.90,9.7
2021-10-10,17.1,14.3,3.65,12.80,8.4
2021-10-11,17.2,14.6,6.52,14.70,9.1
2021-10-12,17.6,13.9,10.65,8.10,10.7
2021-10-13,22.3,13.7,20.19,0.00,13.7
2021-10-14,26.6,15.1,23.43,0.00,17.2
2021-10-15,29.0,17.4,25.06,0.90,14.4
2021-10-16,25.9,17.2,13.90,9.40,11.5
2021-10-17,19.1,16.7,7.13,2.50,9.4
2021-10-18,18.7,15.4,4.40,5.30,8.7
2021-10-19,16.3,14.1,3.40,8.40,11.0
2021-10-20,14.2,12.0,6.73,14.70,8.7
2021-10-21,16.8,12.3,10.66,0.10,10.5
2021-10-22,20.7,13.0,21.72,0.00,14.3
2021-10-23,25.3,13.6,23.77,0.00,16.6
2021-10-24,25.9,15.9,19.84,16.00,18.2
2021-10-25,19.5,15.2,12.86,3.70,10.3
2021-10-26,22.7,14.5,16.47,2.30,7.9
2021-10-27,21.8,17.0,10.05,4.60,7.7
2021-10-28,21.7,17.2,11.04,2.20,10.2
2021-10-29,20.4,16.2,11.92,10.90,10.4
2021-10-30,20.0,15.4,11.91,0.60,13.9
2021-10-31,20.0,15.3,9.63,35.80,9.2
2021-11-01,17.8,16.3,4.36,46.20,5.8
2021-11-02,19.7,16.1,18.98,4.60,20.6
2021-11-03,20.3,15.8,19.41,3.40,12.3
2021-11-04,21.3,16.1,14.95,0.30,11.0
2021-11-05,21.7,15.5,23.72,0.00,12.2
2021-11-06,21.5,13.3,28.27,0.00,12.2
2021-11-07,21.1,14.6,25.18,0.00,15.6
2021-11-08,21.1,14.2,18.59,0.00,13.1
2021-11-09,19.3,16.1,7.92,3.10,11.0
2021-11-10,19.4,15.8,7.98,0.30,9.7
2021-11-11,19.0,14.9,8.26,10.70,9.2
2021-11-12,16.8,14.0,5.84,1.40,8.0
2021-11-13,16.8,12.6,17.66,0.60,12.2
2021-11-14,19.7,13.0,22.77,0.00,13.7
2021-11-15,22.2,12.8,29.64,0.00,15.0
2021-11-16,24.0,13.4,30.59,0.00,10.2
2021-11-17,27.0,14.5,28.96,0.00,13.7
2021-11-18,27.6,16.4,18.72,2.10,13.0
2021-11-19,20.9,17.1,6.28,56.70,8.7
2021-11-20,19.0,16.0,8.41,13.40,11.2
2021-11-21,18.9,13.7,19.78,0.00,11.6
2021-11-22,21.4,12.9,24.83,0.00,13.0
2021-11-23,26.1,13.6,31.41,0.00,9.1
2021-11-24,21.8,14.6,25.87,0.00,11.1
2021-11-25,24.0,15.7,22.22,0.00,12.2
2021-11-26,28.7,16.1,18.79,12.20,16.0
2021-11-27,26.2,17.7,24.56,24.10,17.0
2021-11-28,24.2,16.7,24.54,2.40,10.8
2021-11-29,29.8,16.7,29.90,0.00,11.5
2021-11-30,24.8,18.9,15.62,14.00,8.5
2021-12-01,23.1,18.2,19.90,6.90,11.5
2021-12-02,22.9,17.5,23.82,0.20,13.6
2021-12-03,21.0,16.5,17.58,0.60,13.8
2021-12-04,21.7,15.9,19.80,0.00,12.6
2021-12-05,25.1,16.9,25.73,6.20,9.5
2021-12-06,22.5,17.1,18.26,19.70,12.8
2021-12-07,19.9,16.0,14.05,15.00,14.0
2021-12-08,18.7,15.1,13.96,14.40,11.9
2021-12-09,19.9,14.5,21.37,1.70,13.3
2021-12-10,21.9,14.9,21.61,0.40,11.6
2021-12-11,25.9,16.7,24.57,1.00,13.0
2021-12-12,28.8,18.3,23.84,22.40,15.0
2021-12-13,27.7,18.9,23.45,9.20,10.3
2021-12-14,25.9,19.7,13.85,14.00,8.9
2021-12-15,26.6,20.6,18.05,2.50,15.9
2021-12-16,25.7,19.9,12.39,33.20,11.2
2021-12-17,22.9,19.4,11.39,29.20,8.5
2021-12-18,22.3,16.6,15.11,3.70,12.1
2021-12-19,20.9,15.6,20.76,2.20,14.0
2021-12-20,21.9,14.5,23.38,0.00,11.8
2021-12-21,24.6,16.4,26.56,0.00,11.4
2021-12-22,28.6,17.6,28.54,1.40,13.6
2021-12-23,20.5,17.1,13.93,17.70,16.8
2021-12-24,20.0,16.4,19.95,3.20,12.3
2021-12-25,21.1,15.1,20.90,0.00,11.6
2021-12-26,25.2,15.1,28.43,0.00,10.9
2021-12-27,27.0,16.6,27.36,0.70,14.2
2021-12-28,26.3,17.0,25.01,3.70,8.3
2021-12-29,23.8,18.6,21.52,7.70,9.9
2021-12-30,22.9,18.3,13.04,42.10,7.4
2021-12-31,21.1,18.2,5.45,11.10,8.8
2022-01-01,23.5,18.4,11.17,11.70,10.6
2022-01-02,23.8,19.2,8.89,2.40,9.1
2022-01-03,26.9,19.6,15.63,0.60,14.4
2022-01-04,27.1,20.2,17.41,1.20,18.4
2022-01-05,26.7,20.3,14.00,1.80,18.8
2022-01-06,24.0,19.8,12.14,40.80,11.1
2022-01-07,20.5,18.8,5.38,41.80,11.1
2022-01-08,20.4,17.5,7.47,11.50,8.9
2022-01-09,20.3,16.6,8.31,12.40,6.5
2022-01-10,21.2,16.3,9.80,26.60,6.8
2022-01-11,21.8,17.8,9.70,35.40,6.5
2022-01-12,24.8,18.4,17.81,0.80,8.1
2022-01-13,25.2,19.1,21.05,7.10,10.6
2022-01-14,26.1,18.7,24.86,0.20,16.4
2022-01-15,24.8,19.1,14.33,0.50,7.9
2022-01-16,26.4,18.2,25.24,3.80,11.5
2022-01-17,28.5,19.0,28.12,0.00,11.7
2022-01-18,30.1,20.3,26.31,1.00,10.8
2022-01-19,28.6,19.8,27.57,1.30,10.2
2022-01-20,27.2,19.3,26.45,0.40,11.3
2022-01-21,25.9,18.6,24.79,0.70,12.6
2022-01-22,26.3,17.9,26.90,0.00,12.9
2022-01-23,27.6,17.9,31.29,0.00,11.3
2022-01-24,28.4,18.1,29.04,0.00,11.3
2022-01-25,27.7,18.4,27.47,0.00,10.8
2022-01-26,30.0,18.1,28.75,0.70,13.1
2022-01-27,30.9,20.9,26.77,0.00,16.4
2022-01-28,29.5,20.7,23.36,6.20,10.2
2022-01-29,27.1,19.9,16.54,15.00,9.4
2022-01-30,25.5,19.5,12.34,7.50,8.9
2022-01-31,23.9,19.8,8.38,3.20,6.6
2022-02-01,27.0,19.9,16.96,5.40,10.3
2022-02-02,23.4,19.4,9.63,18.90,4.3
2022-02-03,24.0,18.8,15.44,16.30,10.8
2022-02-04,26.2,18.7,21.91,4.80,6.9
2022-02-05,28.4,19.7,25.39,1.90,9.7
2022-02-06,29.0,20.8,25.27,12.90,11.1
2022-02-07,25.6,19.6,16.64,35.20,8.2
2022-02-08,21.4,17.6,6.78,31.80,10.3
2022-02-09,18.9,16.3,5.05,15.40,4.6
2022-02-10,21.0,16.3,11.34,2.30,8.4
2022-02-11,22.1,16.8,13.77,0.40,8.5
2022-02-12,22.3,18.2,13.20,0.90,10.9
2022-02-13,24.3,17.6,19.03,3.70,10.6
2022-02-14,28.0,18.3,25.21,4.00,9.3
2022-02-15,24.1,18.7,22.72,1.40,13.6
2022-02-16,23.5,18.8,21.32,0.70,12.6
2022-02-17,25.2,18.2,23.55,18.00,10.9
2022-02-18,23.3,18.2,14.78,56.80,8.6
2022-02-19,23.5,17.2,18.37,4.10,10.7
2022-02-20,24.7,18.5,16.33,11.70,8.0
2022-02-21,27.7,18.3,23.27,12.60,10.4
2022-02-22,26.8,19.0,21.65,1.00,7.0
2022-02-23,27.2,19.8,24.71,0.60,10.8
2022-02-24,25.1,18.8,23.79,0.00,10.7
2022-02-25,25.6,17.5,25.10,0.00,12.8
2022-02-26,26.0,17.2,23.61,0.00,12.3
2022-02-27,25.6,19.1,22.37,0.10,12.3
2022-02-28,28.9,18.2,27.17,0.00,12.3
2022-03-01,30.1,17.9,27.56,0.00,15.9
2022-03-02,29.9,19.1,26.88,0.00,11.5
2022-03-03,30.0,18.4,27.31,0.00,9.4
2022-03-04,28.5,19.9,23.56,0.50,8.8
2022-03-05,28.1,19.0,23.28,0.00,8.0
2022-03-06,29.7,18.9,25.66,0.00,13.7
2022-03-07,30.0,18.7,26.33,0.00,11.4
2022-03-08,30.1,18.3,27.30,0.00,10.2
2022-03-09,28.7,18.6,25.82,0.00,10.2
2022-03-10,29.3,18.5,25.26,0.10,11.3
2022-03-11,29.8,19.1,24.70,0.10,12.1
2022-03-12,28.6,20.2,19.67,2.60,8.7
2022-03-13,29.1,20.0,23.05,5.20,6.6
2022-03-14,28.8,20.2,22.90,0.00,8.4
2022-03-15,28.4,20.1,19.73,3.50,10.2
2022-03-16,28.4,20.1,21.14,0.10,9.0
2022-03-17,30.1,19.6,23.65,0.00,15.1
2022-03-18,30.6,19.8,23.50,0.00,8.6
2022-03-19,30.9,18.9,24.04,0.00,14.1
2022-03-20,26.0,18.1,15.43,67.80,19.1
2022-03-21,19.9,17.1,7.21,8.60,13.8
2022-03-22,19.9,15.7,14.18,1.20,11.4
2022-03-23,23.0,16.5,17.49,0.00,11.3
2022-03-24,27.9,16.1,23.79,0.00,14.5
2022-03-25,29.3,17.7,22.97,0.00,13.8
2022-03-26,28.0,19.4,21.55,0.20,9.0
2022-03-27,26.5,19.7,17.52,22.60,9.7
2022-03-28,23.9,19.2,16.34,16.20,9.4
2022-03-29,23.5,18.9,15.50,2.80,5.4
2022-03-30,27.9,17.9,22.17,0.10,11.3
2022-03-31,23.6,19.4,15.79,5.50,14.7
2022-04-01,19.5,18.0,3.30,62.30,12.3
2022-04-02,21.9,18.2,7.79,26.40,7.7
2022-04-03,22.6,18.5,11.85,8.50,10.2
2022-04-04,27.0,17.3,19.83,0.00,10.8
2022-04-05,23.8,18.8,17.74,0.80,12.6
2022-04-06,22.3,18.5,13.62,2.60,9.0
2022-04-07,21.2,17.0,13.09,0.40,8.3
2022-04-08,24.1,17.0,15.12,1.00,10.5
2022-04-09,25.6,18.7,17.17,3.20,8.0
2022-04-10,22.5,17.7,12.91,1.90,9.2
2022-04-11,23.5,16.9,19.17,0.00,11.7
2022-04-12,26.5,17.0,19.99,0.00,10.9
2022-04-13,27.2,18.9,19.15,0.40,8.2
2022-04-14,21.5,17.6,9.63,19.30,15.7
2022-04-15,19.2,15.1,15.75,3.10,16.8
2022-04-16,19.1,14.5,15.71,0.10,12.1
2022-04-17,18.5,13.2,13.51,0.80,10.0
2022-04-18,19.2,12.0,14.10,0.50,7.2
2022-04-19,21.4,12.5,19.78,0.00,8.9
2022-04-20,21.6,13.4,17.02,0.00,9.7
2022-04-21,21.5,14.7,15.59,0.00,9.6
2022-04-22,25.2,15.3,18.39,0.00,6.4
2022-04-23,29.5,15.4,20.41,0.00,15.3
2022-04-24,22.1,17.0,16.26,1.00,11.3
2022-04-25,22.6,16.7,13.76,0.00,11.0
2022-04-26,25.2,15.8,19.48,0.00,7.8
2022-04-27,26.7,16.3,18.71,0.00,12.3
2022-04-28,27.5,15.8,19.73,0.00,12.6
2022-04-29,26.7,17.5,18.50,2.60,15.8
2022-04-30,19.5,17.6,5.78,20.50,10.2
2022-05-01,26.0,16.1,17.81,0.00,14.4
2022-05-02,25.8,17.9,16.09,0.00,7.2
2022-05-03,27.1,18.0,17.10,0.00,13.1
2022-05-04,27.9,16.9,16.45,2.20,9.7
2022-05-05,22.8,17.3,17.86,1.50,12.9
2022-05-06,20.2,15.2,15.22,0.10,11.8
2022-05-07,19.2,13.6,12.15,1.00,9.7
2022-05-08,19.1,14.8,12.70,0.70,7.1
2022-05-09,19.1,13.3,11.82,0.30,7.9
2022-05-10,19.9,11.0,15.60,0.00,9.3
2022-05-11,24.4,13.1,15.33,0.40,9.6
2022-05-12,19.1,15.9,10.38,2.10,10.2
2022-05-13,19.7,14.6,11.94,0.60,8.7
2022-05-14,20.5,14.4,12.11,0.20,11.3
2022-05-15,20.6,13.6,10.32,2.30,13.6
2022-05-16,21.5,15.4,12.98,2.30,10.2
2022-05-17,18.6,14.6,13.40,2.70,12.6
2022-05-18,17.5,11.0,18.00,0.50,13.8
2022-05-19,16.5,10.6,13.26,0.40,23.8
2022-05-20,16.0,11.8,11.49,0.90,14.0
2022-05-21,18.5,9.2,16.74,0.00,8.7
2022-05-22,19.6,9.7,16.61,0.00,7.9
2022-05-23,20.8,9.7,16.38,0.00,8.4
2022-05-24,20.9,10.1,16.15,0.00,9.0
2022-05-25,20.8,11.7,13.32,0.00,10.8
2022-05-26,22.5,11.4,15.88,0.00,10.1
2022-05-27,22.2,11.7,15.47,0.00,10.1
2022-05-28,23.5,11.6,14.47,0.00,10.2
2022-05-29,25.5,11.1,16.56,0.00,15.7
2022-05-30,24.1,12.9,15.75,0.00,14.7
2022-05-31,20.8,16.0,9.55,0.60,12.1
2022-06-01,22.8,16.4,10.55,0.00,6.0
2022-06-02,23.1,15.6,13.60,0.40,14.6
2022-06-03,17.7,14.5,4.23,1.80,10.6
2022-06-04,16.8,13.2,7.10,3.00,9.4
2022-06-05,17.3,11.1,12.89,0.00,9.0
2022-06-06,21.7,9.0,15.52,0.00,12.2
2022-06-07,22.6,11.1,13.36,0.00,9.0
2022-06-08,21.1,14.6,11.50,0.20,10.2
2022-06-09,19.5,14.9,7.63,1.20,6.8
2022-06-10,19.6,15.4,5.51,8.60,11.4
2022-06-11,16.2,14.4,3.01,2.10,8.8
2022-06-12,16.1,13.1,4.98,1.00,10.1
2022-06-13,16.9,10.4,11.85,0.00,12.0
2022-06-14,16.1,12.4,6.17,1.10,5.3
2022-06-15,17.0,10.0,11.60,0.00,6.9
2022-06-16,19.8,9.5,15.45,0.00,6.9
2022-06-17,22.7,9.3,15.51,0.00,10.4
2022-06-18,21.1,10.9,7.06,2.00,19.4
2022-06-19,16.4,13.7,4.13,4.40,7.7
2022-06-20,20.7,12.2,11.91,0.30,12.6
2022-06-21,22.2,12.6,14.97,0.00,8.7
2022-06-22,24.3,11.5,15.42,0.00,10.9
2022-06-23,25.0,11.7,15.43,0.00,8.7
2022-06-24,24.4,11.2,15.61,0.00,8.8
2022-06-25,20.2,10.9,13.81,0.10,16.3
2022-06-26,16.1,13.1,5.85,5.70,7.9
2022-06-27,16.5,11.5,10.09,0.10,8.4
2022-06-28,19.8,9.0,15.40,0.00,9.1
2022-06-29,23.3,9.7,15.34,0.00,11.6
2022-06-30,17.6,13.4,7.50,0.50,8.2
2022-07-01,19.6,11.0,12.75,0.00,8.8
2022-07-02,22.3,11.2,15.29,0.00,16.3
2022-07-03,24.3,10.9,15.63,0.00,9.4
2022-07-04,23.3,11.9,15.81,0.00,9.7
2022-07-05,24.1,10.7,15.89,0.00,13.3
2022-07-06,23.8,10.5,15.87,0.00,9.5
2022-07-07,24.0,10.1,16.02,0.00,13.1
2022-07-08,24.0,10.6,15.83,0.00,9.5
2022-07-09,21.0,11.9,15.33,0.00,9.4
2022-07-10,22.7,11.9,14.86,0.00,13.4
2022-07-11,23.9,11.3,15.92,0.00,19.5
2022-07-12,25.7,12.1,16.01,0.00,14.8
2022-07-13,18.8,15.3,8.69,2.10,10.8
2022-07-14,22.1,14.9,11.69,0.40,9.0
2022-07-15,24.2,12.4,14.86,0.00,18.4
2022-07-16,26.0,12.8,15.21,0.00,13.9
2022-07-17,28.0,12.9,15.82,0.20,13.1
2022-07-18,20.7,15.9,8.09,1.40,8.0
2022-07-19,22.9,14.5,14.32,0.00,8.2
2022-07-20,19.7,14.8,10.03,1.40,9.4
2022-07-21,21.4,14.4,12.91,0.00,10.2
2022-07-22,23.6,12.2,16.05,0.00,7.8
2022-07-23,24.5,13.1,16.70,0.00,7.6
2022-07-24,23.8,12.8,16.69,0.00,7.6
2022-07-25,23.3,12.3,16.77,0.00,6.9
2022-07-26,21.9,12.2,15.79,0.00,10.7
2022-07-27,22.5,12.6,16.62,0.00,8.8
2022-07-28,25.3,11.5,17.19,0.00,13.9
2022-07-29,26.9,13.0,15.58,7.20,22.1
2022-07-30,16.8,11.9,7.98,1.30,11.8
2022-07-31,19.4,10.4,13.55,0.00,8.9
2022-08-01,22.9,11.8,16.65,0.00,10.5
2022-08-02,22.5,13.6,16.19,0.00,10.1
2022-08-03,21.3,13.7,16.66,0.00,10.4
2022-08-04,25.9,13.3,16.61,0.00,9.8
2022-08-05,28.1,13.6,17.18,0.50,24.0
2022-08-06,17.6,15.1,6.33,0.50,8.6
2022-08-07,23.2,14.3,15.24,1.10,13.5
2022-08-08,21.0,15.4,7.21,1.60,7.6
2022-08-09,19.4,15.5,6.11,3.60,9.2
2022-08-10,21.5,14.0,7.77,18.20,11.0
2022-08-11,15.4,12.8,10.36,2.10,22.4
2022-08-12,16.5,12.4,10.38,2.70,7.9
2022-08-13,19.9,10.1,17.25,0.00,10.5
2022-08-14,21.6,10.3,19.40,0.00,9.0
2022-08-15,23.0,10.0,19.80,0.00,17.1
2022-08-16,26.8,11.3,19.58,0.00,15.3
2022-08-17,23.7,14.1,17.70,0.00,9.9
2022-08-18,26.5,13.3,19.66,0.00,21.4
2022-08-19,17.5,12.0,4.38,7.50,18.6
2022-08-20,14.7,11.7,6.08,1.10,8.9
2022-08-21,15.1,9.4,11.52,0.30,10.4
2022-08-22,17.3,9.3,14.61,0.00,13.1
2022-08-23,18.4,10.4,15.29,0.00,13.0
2022-08-24,18.2,12.0,9.57,1.20,11.3
2022-08-25,22.0,12.2,17.49,0.10,10.8
2022-08-26,23.8,13.4,18.08,0.00,11.2
2022-08-27,25.0,14.4,18.00,0.00,11.6
2022-08-28,28.0,13.6,20.55,0.20,17.1
2022-08-29,16.5,12.2,4.41,8.60,16.9
2022-08-30,15.2,10.8,11.04,1.20,12.2
2022-08-31,17.1,8.8,18.76,0.00,12.6
2022-09-01,20.9,8.6,22.00,0.00,13.4
2022-09-02,24.7,9.2,22.56,0.00,18.0
2022-09-03,23.3,11.5,21.08,0.90,16.9
2022-09-04,15.2,12.5,6.10,4.50,10.4
2022-09-05,17.3,11.2,10.99,0.10,9.2
2022-09-06,19.3,12.8,13.95,0.00,11.7
2022-09-07,22.1,10.5,21.34,0.00,12.9
2022-09-08,27.9,11.5,21.95,0.00,14.5
2022-09-09,30.4,14.0,22.51,0.00,13.0
2022-09-10,32.4,14.9,21.77,1.20,22.0
2022-09-11,16.6,13.7,5.62,5.10,9.0
2022-09-12,18.2,13.2,8.89,0.00,10.8
2022-09-13,26.5,13.2,21.47,0.00,11.2
2022-09-14,19.9,15.8,10.04,0.50,12.2
2022-09-15,16.2,14.6,3.12,12.70,7.4
2022-09-16,14.6,12.6,2.05,20.60,8.2
2022-09-17,17.0,11.7,15.88,1.00,13.7
2022-09-18,17.4,11.1,15.76,0.30,8.2
2022-09-19,20.3,9.7,24.02,0.00,13.2
2022-09-20,23.5,12.7,17.45,0.20,10.1
2022-09-21,20.5,15.5,12.29,3.50,11.2
2022-09-22,23.8,15.1,18.10,12.50,11.9
2022-09-23,17.6,13.1,11.12,1.30,17.2
2022-09-24,17.9,10.8,23.10,0.00,11.7
2022-09-25,20.8,10.9,22.77,0.00,15.6
2022-09-26,22.7,12.8,17.95,4.00,10.1
2022-09-27,21.9,15.1,11.55,2.30,8.3
2022-09-28,16.6,15.0,3.64,19.20,7.1
2022-09-29,16.0,14.3,3.45,19.90,9.5
2022-09-30,17.1,13.5,6.78,1.30,9.0
2022-10-01,20.6,13.2,11.53,2.50,8.0
2022-10-02,18.8,14.9,10.91,1.30,8.4
2022-10-03,18.0,14.9,5.77,7.60,8.5
2022-10-04,17.8,14.7,6.75,4.60,9.0
2022-10-05,17.9,14.8,7.01,1.60,9.7
2022-10-06,23.4,14.1,15.04,0.00,15.5
2022-10-07,25.7,16.4,10.06,0.80,15.9
2022-10-08,20.6,15.8,14.74,2.00,13.7
2022-10-09,26.7,15.1,14.90,9.10,8.6
2022-10-10,22.8,16.0,18.27,1.40,11.8
2022-10-11,27.9,17.1,23.10,0.00,12.7
2022-10-12,25.7,17.2,25.21,0.30,13.7
2022-10-13,27.2,17.2,24.81,0.00,7.9
2022-10-14,25.0,17.2,22.03,0.70,16.2
2022-10-15,23.1,16.2,20.87,0.30,14.9
2022-10-16,23.1,14.3,21.43,0.00,11.0
2022-10-17,25.9,15.3,24.97,0.00,10.9
2022-10-18,22.1,16.6,14.83,7.10,10.0
2022-10-19,24.2,16.9,12.49,0.40,7.8
2022-10-20,27.5,16.3,24.48,0.00,16.9
2022-10-21,27.9,17.4,19.63,6.20,17.6
2022-10-22,23.8,17.5,19.90,5.30,14.0
2022-10-23,21.1,15.9,17.90,0.40,14.3
2022-10-24,23.2,16.3,18.26,4.00,12.5
2022-10-25,20.3,15.6,17.68,27.60,13.6
2022-10-26,22.5,14.8,19.92,0.00,14.0
2022-10-27,29.2,15.8,28.04,0.00,19.1
2022-10-28,25.8,18.2,21.42,16.80,7.3
2022-10-29,28.2,17.4,25.79,0.60,7.0
2022-10-30,29.1,19.3,20.67,0.50,17.0
2022-10-31,29.8,20.1,24.96,13.10,11.5
2022-11-01,19.7,15.9,4.53,17.10,16.5
2022-11-02,15.7,13.7,3.09,12.90,14.2
2022-11-03,15.1,13.1,5.84,3.90,10.1
2022-11-04,16.8,11.7,15.53,1.70,10.6
2022-11-05,18.0,10.8,21.93,1.20,11.4
2022-11-06,18.9,13.7,18.44,0.10,11.3
2022-11-07,17.4,13.8,10.12,4.00,10.0
2022-11-08,18.3,13.6,10.49,3.90,7.7
2022-11-09,23.5,14.8,20.20,8.50,15.3
2022-11-10,22.8,16.3,20.94,1.00,10.5
2022-11-11,23.7,17.0,18.03,3.50,11.8
2022-11-12,23.6,17.1,19.52,10.50,9.7
2022-11-13,24.1,16.0,23.84,0.00,11.3
2022-11-14,29.9,17.9,25.98,2.20,10.0
2022-11-15,27.4,18.9,16.65,9.60,10.8
2022-11-16,21.3,16.3,20.06,2.20,13.7
2022-11-17,22.3,15.1,29.24,0.00,12.6
2022-11-18,20.6,15.1,24.16,0.00,14.6
2022-11-19,21.8,12.7,28.65,0.00,15.3
2022-11-20,24.4,13.7,30.43,0.00,12.5
2022-11-21,25.6,15.7,28.27,0.00,15.5
2022-11-22,26.5,16.7,25.12,0.00,15.3
2022-11-23,27.5,18.2,19.57,0.60,14.4
2022-11-24,23.1,17.3,14.71,22.30,7.3
2022-11-25,21.4,15.8,20.66,3.10,14.5
2022-11-26,22.0,15.8,18.19,0.70,14.7
2022-11-27,22.3,17.1,15.83,0.30,10.7
2022-11-28,22.2,17.7,18.22,4.70,7.5
2022-11-29,24.5,16.7,19.85,2.10,13.7
2022-11-30,23.8,17.7,20.57,5.70,14.1
2022-12-01,26.4,18.3,23.99,4.20,13.6
2022-12-02,26.0,19.1,19.79,2.80,15.7
2022-12-03,24.3,19.4,16.27,0.10,15.8
2022-12-04,25.0,18.4,14.59,0.00,16.4
2022-12-05,25.6,19.2,14.42,0.10,18.5
2022-12-06,22.0,19.0,7.92,32.90,12.6
2022-12-07,23.4,18.2,18.26,20.60,7.7
2022-12-08,21.5,17.0,21.96,1.60,9.4
2022-12-09,26.2,16.2,31.18,0.00,12.3
2022-12-10,27.0,16.2,28.06,0.20,13.2
2022-12-11,27.8,18.3,27.24,1.70,9.7
2022-12-12,28.2,18.9,19.90,1.30,8.9
2022-12-13,25.3,17.9,8.79,14.20,18.8
2022-12-14,21.0,15.5,23.66,1.10,12.1
2022-12-15,22.6,14.5,26.40,0.00,13.4
2022-12-16,26.7,15.6,27.14,5.10,13.3
2022-12-17,21.6,17.2,16.25,5.40,14.6
2022-12-18,21.6,17.0,17.86,3.30,12.0
2022-12-19,21.1,17.1,9.85,3.60,11.5
2022-12-20,17.6,16.8,2.60,24.10,9.6
2022-12-21,19.0,16.4,7.71,17.30,12.4
2022-12-22,20.0,15.8,12.95,7.70,13.2
2022-12-23,20.6,15.1,18.01,0.60,14.3
2022-12-24,21.7,15.9,18.99,0.40,15.8
2022-12-25,23.6,16.2,21.06,0.60,11.2
2022-12-26,23.9,18.1,12.83,6.30,13.3
2022-12-27,24.2,18.3,12.96,13.00,13.0
2022-12-28,25.0,18.7,9.87,3.30,11.4
2022-12-29,22.9,18.6,11.52,20.50,8.8
2022-12-30,21.3,17.3,10.68,20.60,6.6
2022-12-31,22.8,17.2,17.32,7.50,10.6
2023-01-01,24.9,17.6,NaN,NaN,7.4
2023-01-02,NaN,NaN,NaN,NaN,NaN
2023-01-03,NaN,NaN,NaN,NaN,NaN
2023-01-04,NaN,NaN,NaN,NaN,NaN
2023-01-05,NaN,NaN,NaN,NaN,NaN
2023-01-06,NaN,NaN,NaN,NaN,NaN
2023-01-07,NaN,NaN,NaN,NaN,NaN
2023-01-08,NaN,NaN,NaN,NaN,NaN
