,time,temperature_2m_max,temperature_2m_min,shortwave_radiation_sum,rain_sum,windspeed_10m_max
0,2018-01-01,28.7,25.6,23.77,1.9,22.3
1,2018-01-02,28.6,25.7,22.2,0.0,19.2
2,2018-01-03,28.6,25.8,25.03,0.0,18.0
3,2018-01-04,29.0,25.6,24.52,0.0,20.3
4,2018-01-05,28.5,26.2,22.67,0.4,21.0
5,2018-01-06,28.4,24.6,23.07,2.7,23.8
6,2018-01-07,28.8,25.1,23.54,1.0,23.0
7,2018-01-08,28.6,25.5,22.32,1.8,25.3
8,2018-01-09,28.3,24.6,22.33,2.2,26.4
9,2018-01-10,26.8,24.9,17.07,2.5,23.7
10,2018-01-11,27.8,23.8,21.91,2.8,19.8
11,2018-01-12,28.6,25.6,23.21,0.1,21.1
12,2018-01-13,28.3,25.7,20.21,2.4,25.9
13,2018-01-14,28.8,24.9,21.84,3.8,25.9
14,2018-01-15,27.2,24.4,19.52,4.5,26.8
15,2018-01-16,28.8,25.6,23.53,0.1,30.3
16,2018-01-17,28.6,24.9,21.59,2.0,30.2
17,2018-01-18,27.3,24.4,22.62,3.4,28.5
18,2018-01-19,27.1,24.4,18.8,16.7,22.0
19,2018-01-20,27.7,24.4,19.66,6.8,21.2
20,2018-01-21,28.2,24.4,22.83,2.4,25.9
21,2018-01-22,28.6,25.0,19.66,1.6,25.7
22,2018-01-23,26.7,24.9,13.4,9.5,20.7
23,2018-01-24,27.9,25.0,16.17,2.8,22.6
24,2018-01-25,28.4,25.5,23.47,1.1,20.2
25,2018-01-26,28.6,25.8,20.69,0.0,20.9
26,2018-01-27,28.2,26.1,24.18,0.7,22.3
27,2018-01-28,28.8,25.3,24.48,0.3,22.7
28,2018-01-29,28.5,26.1,15.94,0.7,23.0
29,2018-01-30,29.2,26.5,25.42,0.3,24.5
30,2018-01-31,28.7,26.3,24.71,0.9,25.8
31,2018-02-01,28.7,26.3,23.36,0.2,26.3
32,2018-02-02,29.2,26.1,23.59,2.5,24.4
33,2018-02-03,29.0,26.1,24.45,0.7,22.4
34,2018-02-04,29.3,25.7,26.73,0.2,24.0
35,2018-02-05,29.1,26.3,24.3,0.0,23.1
36,2018-02-06,29.2,26.7,23.95,1.6,23.6
37,2018-02-07,29.3,26.3,24.42,2.7,24.8
38,2018-02-08,27.8,25.8,21.62,7.0,22.6
39,2018-02-09,28.0,24.4,21.41,10.4,21.4
40,2018-02-10,27.0,24.4,21.6,8.3,21.3
41,2018-02-11,28.9,24.8,19.94,1.8,24.3
42,2018-02-12,28.4,25.1,22.43,3.2,17.4
43,2018-02-13,27.8,24.5,21.66,5.4,19.9
44,2018-02-14,26.1,24.2,11.64,38.1,20.3
45,2018-02-15,28.3,24.1,15.4,8.5,21.3
46,2018-02-16,26.9,24.4,14.01,19.6,23.4
47,2018-02-17,26.6,24.5,13.56,18.5,20.9
48,2018-02-18,28.4,24.6,22.44,3.8,17.3
49,2018-02-19,28.1,24.9,23.03,2.0,19.4
50,2018-02-20,28.8,25.4,24.2,2.1,19.1
51,2018-02-21,28.9,25.5,25.55,1.4,19.7
52,2018-02-22,27.7,24.9,19.88,8.0,21.2
53,2018-02-23,28.5,24.4,21.27,1.3,16.3
54,2018-02-24,28.8,25.2,22.41,0.9,20.4
55,2018-02-25,27.8,25.5,23.14,1.8,19.1
56,2018-02-26,28.4,25.4,24.87,0.0,17.6
57,2018-02-27,28.6,25.2,22.8,2.0,25.0
58,2018-02-28,27.6,25.4,19.08,5.1,20.0
59,2018-03-01,26.7,24.7,14.93,16.4,17.3
60,2018-03-02,28.1,24.3,18.13,7.8,14.2
61,2018-03-03,28.1,24.1,22.6,7.3,16.9
62,2018-03-04,28.8,26.1,22.97,1.6,20.9
63,2018-03-05,28.5,26.1,20.27,3.7,17.8
64,2018-03-06,28.5,25.3,23.97,2.4,17.7
65,2018-03-07,29.1,26.4,25.4,0.0,17.8
66,2018-03-08,29.1,25.9,24.95,0.0,17.2
67,2018-03-09,28.7,26.0,22.24,0.9,17.4
68,2018-03-10,28.9,25.7,23.19,1.0,17.1
69,2018-03-11,29.3,26.3,24.24,0.0,18.0
70,2018-03-12,29.6,26.2,23.85,1.7,18.4
71,2018-03-13,29.1,26.3,22.85,2.7,20.4
72,2018-03-14,28.9,27.0,21.78,0.8,23.7
73,2018-03-15,29.1,26.3,21.7,0.1,21.1
74,2018-03-16,29.0,25.9,24.04,0.0,19.5
75,2018-03-17,29.0,26.0,25.11,0.0,19.9
76,2018-03-18,29.3,26.1,23.41,0.7,23.0
77,2018-03-19,29.1,26.6,23.25,0.0,22.8
78,2018-03-20,29.4,26.6,22.46,0.0,19.5
79,2018-03-21,29.0,26.5,21.0,0.1,23.7
80,2018-03-22,29.2,26.6,20.97,1.7,22.8
81,2018-03-23,29.1,26.7,24.95,0.0,19.5
82,2018-03-24,29.3,26.0,21.75,1.3,21.3
83,2018-03-25,28.2,25.0,20.1,1.7,22.1
84,2018-03-26,28.1,25.2,19.26,6.4,16.8
85,2018-03-27,28.8,25.3,14.28,2.7,22.5
86,2018-03-28,26.8,24.8,18.22,20.7,21.7
87,2018-03-29,26.1,24.5,9.85,18.1,14.3
88,2018-03-30,27.3,24.4,9.8,57.8,15.9
89,2018-03-31,28.3,24.8,21.55,1.7,18.8
90,2018-04-01,29.0,25.4,21.84,13.2,22.4
91,2018-04-02,27.8,24.9,17.0,11.5,19.0
92,2018-04-03,28.0,25.1,19.56,6.0,20.4
93,2018-04-04,29.1,26.2,23.4,1.8,21.7
94,2018-04-05,29.1,25.4,22.38,2.6,20.8
95,2018-04-06,28.0,25.2,19.02,4.3,14.2
96,2018-04-07,28.1,25.2,20.64,2.6,17.0
97,2018-04-08,27.4,24.9,19.51,5.6,19.0
98,2018-04-09,27.4,24.4,17.13,9.1,24.0
99,2018-04-10,28.0,24.7,20.42,8.2,20.2
100,2018-04-11,26.5,24.5,3.24,35.9,21.9
101,2018-04-12,26.7,24.6,11.8,18.9,20.4
102,2018-04-13,26.9,24.4,15.66,12.4,15.1
103,2018-04-14,27.6,24.1,18.68,9.3,16.5
104,2018-04-15,28.2,24.9,21.8,3.3,19.9
105,2018-04-16,26.4,24.6,18.31,8.6,24.7
106,2018-04-17,27.1,24.1,16.43,10.7,23.8
107,2018-04-18,28.8,24.8,23.54,1.6,22.2
108,2018-04-19,28.4,24.9,21.23,0.4,23.0
109,2018-04-20,28.1,25.0,21.09,0.4,22.9
110,2018-04-21,27.5,24.7,20.18,2.7,19.7
111,2018-04-22,27.2,24.8,17.78,3.4,21.3
112,2018-04-23,26.9,24.4,16.05,4.2,25.5
113,2018-04-24,28.8,25.8,23.44,1.0,21.8
114,2018-04-25,27.9,24.9,17.01,7.8,22.2
115,2018-04-26,27.0,25.0,17.1,5.2,20.9
116,2018-04-27,28.4,24.9,18.88,5.0,27.4
117,2018-04-28,28.4,25.0,20.51,1.1,24.3
118,2018-04-29,27.4,24.9,18.93,7.9,26.0
119,2018-04-30,26.5,24.7,16.49,17.4,21.4
120,2018-05-01,28.5,24.5,19.79,3.8,23.0
121,2018-05-02,28.5,25.0,19.76,1.4,20.4
122,2018-05-03,27.8,25.0,19.41,1.0,23.8
123,2018-05-04,28.1,24.9,19.0,0.3,31.2
124,2018-05-05,27.9,24.5,18.58,3.8,27.2
125,2018-05-06,27.2,24.7,16.38,5.5,22.7
126,2018-05-07,28.5,25.1,16.94,0.4,24.3
127,2018-05-08,27.8,24.9,17.29,3.3,25.8
128,2018-05-09,27.1,25.1,7.5,7.7,26.0
129,2018-05-10,28.0,24.5,18.09,0.3,24.3
130,2018-05-11,27.2,24.9,17.64,9.7,28.5
131,2018-05-12,27.6,24.7,19.95,2.1,21.8
132,2018-05-13,28.0,24.8,19.5,2.8,21.4
133,2018-05-14,28.7,25.0,21.32,1.0,27.7
134,2018-05-15,28.1,24.8,19.53,3.2,23.5
135,2018-05-16,28.1,25.0,18.78,2.8,23.8
136,2018-05-17,26.2,24.6,16.96,3.9,21.5
137,2018-05-18,27.2,24.6,19.2,1.5,22.7
138,2018-05-19,28.3,24.7,20.6,0.6,19.3
139,2018-05-20,27.8,24.6,18.69,3.1,18.3
140,2018-05-21,28.4,25.5,15.17,2.3,21.7
141,2018-05-22,28.6,25.7,20.65,0.1,27.0
142,2018-05-23,28.4,24.7,19.56,0.2,25.6
143,2018-05-24,27.2,24.8,11.05,3.5,26.1
144,2018-05-25,27.5,24.6,14.75,2.5,24.5
145,2018-05-26,28.3,24.2,20.28,1.5,25.1
146,2018-05-27,28.5,25.2,19.09,0.2,29.0
147,2018-05-28,27.5,24.3,16.79,1.7,27.1
148,2018-05-29,28.1,24.6,20.44,1.3,32.1
149,2018-05-30,28.3,24.6,18.56,0.0,30.1
150,2018-05-31,27.1,24.5,15.57,1.8,27.2
151,2018-06-01,28.2,24.2,17.99,1.0,19.9
152,2018-06-02,27.4,24.9,18.12,2.3,22.1
153,2018-06-03,26.5,24.8,12.78,7.2,28.5
154,2018-06-04,27.2,25.0,17.26,3.6,29.1
155,2018-06-05,27.9,24.3,20.12,0.0,26.3
156,2018-06-06,27.6,23.8,16.7,1.3,22.1
157,2018-06-07,27.6,24.4,17.74,6.5,23.7
158,2018-06-08,27.2,24.5,15.98,5.7,20.8
159,2018-06-09,27.6,24.3,19.2,2.3,23.2
160,2018-06-10,27.2,24.3,18.4,1.0,28.9
161,2018-06-11,27.5,24.7,18.92,0.4,25.1
162,2018-06-12,28.0,24.9,18.41,0.0,31.7
163,2018-06-13,27.6,25.2,16.85,0.5,32.3
164,2018-06-14,26.9,24.3,15.99,2.1,26.0
165,2018-06-15,26.9,24.2,16.97,1.1,26.2
166,2018-06-16,25.9,24.3,6.38,14.0,30.3
167,2018-06-17,26.3,24.0,17.16,4.1,21.6
168,2018-06-18,26.7,23.7,17.68,2.2,19.4
169,2018-06-19,27.2,23.9,18.72,0.7,25.6
170,2018-06-20,27.0,23.5,17.59,0.8,32.8
171,2018-06-21,26.2,23.4,16.02,2.0,28.1
172,2018-06-22,27.3,24.8,19.1,0.0,29.6
173,2018-06-23,27.9,24.6,18.47,0.0,33.8
174,2018-06-24,26.4,24.1,16.37,2.3,34.4
175,2018-06-25,27.5,24.1,19.56,0.5,27.7
176,2018-06-26,26.6,23.6,17.73,1.8,26.4
177,2018-06-27,27.1,23.4,18.04,0.0,27.6
178,2018-06-28,27.4,23.8,18.14,0.3,34.1
179,2018-06-29,26.7,23.5,18.19,0.5,28.7
180,2018-06-30,27.1,22.5,18.93,0.0,24.6
181,2018-07-01,27.3,23.4,17.58,0.0,27.2
182,2018-07-02,26.8,23.7,18.71,0.4,26.3
183,2018-07-03,27.5,23.8,18.6,0.4,27.8
184,2018-07-04,27.6,23.3,20.58,0.0,27.8
185,2018-07-05,28.0,23.1,19.79,0.8,30.4
186,2018-07-06,25.0,24.2,3.39,80.7,25.5
187,2018-07-07,27.1,24.3,15.67,21.2,25.2
188,2018-07-08,27.2,23.6,17.18,0.8,29.9
189,2018-07-09,27.0,23.8,11.03,3.4,30.1
190,2018-07-10,24.7,23.5,6.41,31.1,31.2
191,2018-07-11,25.8,23.3,16.65,4.2,20.6
192,2018-07-12,25.6,23.8,12.93,4.3,26.0
193,2018-07-13,26.4,23.2,16.5,3.2,29.5
194,2018-07-14,27.2,22.7,18.6,0.0,24.7
195,2018-07-15,26.8,23.4,17.04,0.0,29.7
196,2018-07-16,26.9,23.5,16.97,1.3,30.4
197,2018-07-17,26.9,22.8,15.81,1.9,30.0
198,2018-07-18,26.1,23.1,12.92,3.8,31.2
199,2018-07-19,27.7,23.1,21.94,0.0,29.2
200,2018-07-20,26.1,23.2,16.47,0.9,30.8
201,2018-07-21,25.7,23.6,11.89,5.5,31.7
202,2018-07-22,26.5,24.0,12.39,4.6,33.8
203,2018-07-23,27.1,23.4,18.3,0.0,36.7
204,2018-07-24,27.2,23.3,19.6,0.8,31.6
205,2018-07-25,26.9,23.9,14.82,1.7,29.1
206,2018-07-26,27.0,23.4,15.91,3.1,31.9
207,2018-07-27,26.0,23.3,15.74,8.6,28.7
208,2018-07-28,27.2,23.5,18.68,3.7,32.8
209,2018-07-29,26.7,23.6,16.09,2.1,26.6
210,2018-07-30,26.2,23.2,19.54,2.2,25.3
211,2018-07-31,26.4,23.2,16.93,3.2,26.8
212,2018-08-01,26.2,23.4,17.15,2.2,24.7
213,2018-08-02,26.6,24.5,17.67,0.8,31.1
214,2018-08-03,27.2,23.7,21.7,0.0,25.9
215,2018-08-04,27.5,23.5,20.52,0.0,26.3
216,2018-08-05,26.9,24.3,17.88,0.8,25.7
217,2018-08-06,27.8,24.2,21.58,0.4,25.2
218,2018-08-07,26.7,23.7,16.69,2.9,28.1
219,2018-08-08,27.2,23.6,21.8,0.6,26.3
220,2018-08-09,25.6,23.5,18.13,5.0,27.7
221,2018-08-10,27.3,23.4,20.73,2.6,25.6
222,2018-08-11,27.1,23.9,20.48,0.7,23.1
223,2018-08-12,26.9,23.4,19.94,1.6,17.6
224,2018-08-13,27.0,24.7,19.93,1.2,21.4
225,2018-08-14,27.3,24.4,19.54,1.9,27.0
226,2018-08-15,27.5,24.2,22.56,1.0,29.6
227,2018-08-16,26.3,24.3,20.06,1.4,29.6
228,2018-08-17,27.5,23.8,21.56,1.5,31.4
229,2018-08-18,26.9,23.4,20.11,1.3,30.3
230,2018-08-19,27.0,24.0,20.44,1.6,32.6
231,2018-08-20,27.6,24.1,19.97,0.1,34.7
232,2018-08-21,26.9,23.7,20.03,1.8,33.2
233,2018-08-22,28.0,23.3,23.27,0.0,32.6
234,2018-08-23,27.2,24.0,20.59,0.0,32.8
235,2018-08-24,27.6,23.5,21.92,0.0,31.8
236,2018-08-25,27.2,23.6,19.4,0.8,32.4
237,2018-08-26,27.4,23.6,21.85,1.4,33.1
238,2018-08-27,27.0,23.7,19.98,0.4,30.4
239,2018-08-28,27.0,22.7,20.41,1.4,31.3
240,2018-08-29,26.9,23.0,18.93,0.0,36.6
241,2018-08-30,26.9,23.1,19.13,0.6,33.7
242,2018-08-31,27.8,23.5,25.71,0.7,30.1
243,2018-09-01,27.6,23.5,23.64,0.2,28.6
244,2018-09-02,26.6,23.3,20.41,1.4,32.1
245,2018-09-03,27.5,23.6,22.47,1.2,31.6
246,2018-09-04,27.4,23.7,21.23,0.0,27.7
247,2018-09-05,27.3,24.3,22.99,0.0,25.8
248,2018-09-06,27.7,24.5,24.17,0.0,27.7
249,2018-09-07,27.1,23.5,20.99,0.6,31.8
250,2018-09-08,27.4,23.3,23.62,0.0,31.8
251,2018-09-09,27.4,23.7,22.62,0.0,27.9
252,2018-09-10,26.5,23.8,17.96,2.3,33.7
253,2018-09-11,26.4,23.6,18.93,3.5,31.3
254,2018-09-12,27.3,24.3,25.49,0.9,31.6
255,2018-09-13,27.5,23.9,25.64,0.0,33.0
256,2018-09-14,27.5,23.4,23.4,0.0,33.6
257,2018-09-15,27.4,24.2,22.18,0.6,29.9
258,2018-09-16,27.1,24.5,20.28,2.2,29.8
259,2018-09-17,27.3,24.8,23.72,2.3,30.4
260,2018-09-18,27.2,24.6,19.84,0.9,35.8
261,2018-09-19,27.6,25.0,20.58,1.0,33.3
262,2018-09-20,27.5,24.3,22.54,1.6,30.9
263,2018-09-21,27.4,24.5,23.21,0.5,31.8
264,2018-09-22,27.4,24.1,22.51,0.1,29.8
265,2018-09-23,27.2,24.5,20.72,0.1,25.7
266,2018-09-24,27.8,24.9,22.47,0.7,28.6
267,2018-09-25,27.7,24.6,23.2,1.0,29.0
268,2018-09-26,28.6,24.4,25.79,0.8,33.9
269,2018-09-27,27.6,24.6,21.67,2.9,31.2
270,2018-09-28,28.4,24.2,26.4,1.4,26.7
271,2018-09-29,27.9,24.3,21.66,0.7,27.2
272,2018-09-30,27.6,25.1,24.78,0.5,28.5
273,2018-10-01,27.5,24.7,23.54,0.6,31.3
274,2018-10-02,27.8,24.4,22.92,0.0,26.9
275,2018-10-03,28.1,24.3,23.08,1.9,24.3
276,2018-10-04,27.6,25.5,21.26,1.0,24.4
277,2018-10-05,27.6,25.3,19.41,0.1,26.1
278,2018-10-06,28.3,25.2,24.97,0.0,27.0
279,2018-10-07,28.0,24.3,22.0,3.1,29.9
280,2018-10-08,28.1,25.2,23.26,1.0,34.1
281,2018-10-09,28.5,24.9,25.95,0.0,31.8
282,2018-10-10,28.1,25.1,24.69,0.0,30.8
283,2018-10-11,28.2,25.3,26.19,0.0,27.2
284,2018-10-12,27.7,25.0,23.09,0.2,27.5
285,2018-10-13,27.4,25.1,19.5,1.7,28.0
286,2018-10-14,27.7,25.6,20.92,0.1,23.0
287,2018-10-15,28.0,25.8,22.61,0.0,21.3
288,2018-10-16,28.2,25.5,22.53,0.0,18.7
289,2018-10-17,27.6,25.5,23.23,0.8,26.1
290,2018-10-18,28.1,25.5,24.5,0.2,24.8
291,2018-10-19,28.0,25.0,24.55,0.3,26.0
292,2018-10-20,27.8,25.3,25.54,0.0,23.4
293,2018-10-21,28.1,25.6,21.59,0.0,19.8
294,2018-10-22,28.1,25.2,24.15,0.1,27.8
295,2018-10-23,28.5,25.5,23.77,0.0,28.9
296,2018-10-24,28.8,25.1,24.29,0.0,28.3
297,2018-10-25,28.3,25.3,24.14,0.8,30.3
298,2018-10-26,28.6,25.1,24.61,1.0,27.8
299,2018-10-27,28.0,25.6,24.79,0.0,25.1
300,2018-10-28,28.0,25.2,22.67,0.0,19.9
301,2018-10-29,28.4,26.0,21.78,1.1,25.5
302,2018-10-30,28.6,26.1,24.2,0.7,26.3
303,2018-10-31,27.6,25.8,24.48,0.7,27.8
304,2018-11-01,28.6,25.2,26.39,0.4,25.8
305,2018-11-02,28.6,25.8,23.83,0.0,23.9
306,2018-11-03,28.4,25.9,21.44,1.0,27.8
307,2018-11-04,28.4,25.7,22.8,0.2,27.6
308,2018-11-05,28.7,25.6,24.06,0.0,26.0
309,2018-11-06,28.3,26.1,23.57,0.1,24.6
310,2018-11-07,28.2,25.9,24.39,0.9,24.6
311,2018-11-08,28.1,25.8,25.44,0.3,26.0
312,2018-11-09,28.2,25.9,22.18,1.5,29.9
313,2018-11-10,28.8,25.8,23.5,0.4,28.9
314,2018-11-11,28.8,25.5,23.68,2.7,27.5
315,2018-11-12,28.5,25.6,23.23,0.4,28.0
316,2018-11-13,28.8,25.4,22.24,1.2,31.6
317,2018-11-14,28.8,25.4,24.87,2.0,28.6
318,2018-11-15,28.6,25.8,23.37,0.0,24.6
319,2018-11-16,28.7,25.6,24.62,0.5,23.7
320,2018-11-17,29.0,25.7,25.89,0.3,29.5
321,2018-11-18,28.7,25.6,24.72,1.5,34.4
322,2018-11-19,28.9,25.6,23.98,2.0,29.5
323,2018-11-20,28.3,26.0,21.87,0.7,28.7
324,2018-11-21,29.0,25.4,22.6,1.5,30.3
325,2018-11-22,28.7,25.5,23.62,1.9,31.0
326,2018-11-23,28.6,25.1,21.38,2.4,28.5
327,2018-11-24,28.0,25.0,22.01,2.6,27.7
328,2018-11-25,28.1,25.4,19.07,1.5,26.3
329,2018-11-26,27.6,25.9,21.09,2.8,27.2
330,2018-11-27,28.2,25.5,22.08,2.3,30.8
331,2018-11-28,28.3,25.2,13.71,1.9,30.6
332,2018-11-29,28.7,25.9,23.97,0.3,26.8
333,2018-11-30,29.0,25.9,24.2,0.0,22.1
334,2018-12-01,28.8,25.9,22.88,1.0,20.3
335,2018-12-02,28.5,26.0,20.65,1.8,20.0
336,2018-12-03,28.7,26.0,23.74,0.7,21.4
337,2018-12-04,28.9,26.1,24.23,0.6,21.4
338,2018-12-05,29.2,26.3,22.96,1.0,20.2
339,2018-12-06,28.5,25.1,22.66,2.3,20.7
340,2018-12-07,29.1,25.6,23.7,1.9,23.3
341,2018-12-08,29.2,26.0,23.31,0.2,18.0
342,2018-12-09,27.9,25.4,16.97,8.5,22.0
343,2018-12-10,28.3,24.7,17.75,7.7,27.4
344,2018-12-11,28.7,25.2,22.31,3.9,31.8
345,2018-12-12,28.4,24.5,23.95,2.9,29.5
346,2018-12-13,28.6,25.0,22.29,2.1,24.0
347,2018-12-14,28.7,24.7,23.18,3.0,30.3
348,2018-12-15,28.9,25.7,22.31,0.5,31.9
349,2018-12-16,29.6,25.2,23.47,4.8,30.6
350,2018-12-17,27.0,24.8,20.71,7.5,28.0
351,2018-12-18,28.6,25.0,21.7,2.2,29.1
352,2018-12-19,28.9,25.3,24.45,0.9,27.7
353,2018-12-20,28.7,25.1,22.69,1.5,27.3
354,2018-12-21,28.8,25.6,23.52,0.9,24.9
355,2018-12-22,29.1,25.4,21.24,0.7,26.2
356,2018-12-23,28.1,25.4,17.37,3.1,23.2
357,2018-12-24,28.2,25.9,20.04,1.7,21.3
358,2018-12-25,28.7,25.9,23.12,0.0,25.6
359,2018-12-26,28.5,25.4,21.79,0.0,22.5
360,2018-12-27,28.9,25.6,22.92,0.0,23.7
361,2018-12-28,29.3,25.9,26.27,0.0,23.4
362,2018-12-29,28.9,26.0,25.51,0.2,23.8
363,2018-12-30,29.2,25.8,26.75,0.0,22.2
364,2018-12-31,29.1,26.0,25.59,0.9,22.9
365,2019-01-01,29.1,26.1,24.59,1.8,25.5
366,2019-01-02,29.0,26.3,23.65,2.0,29.8
367,2019-01-03,29.4,26.0,22.41,0.6,28.9
368,2019-01-04,28.6,26.0,20.02,3.3,26.7
369,2019-01-05,29.4,26.6,21.64,2.3,27.4
370,2019-01-06,28.5,25.9,19.16,0.9,27.6
371,2019-01-07,28.9,25.8,20.43,0.2,23.3
372,2019-01-08,28.1,25.5,16.0,3.1,25.6
373,2019-01-09,28.6,25.6,21.35,3.2,29.3
374,2019-01-10,29.0,25.6,22.71,1.1,25.7
375,2019-01-11,29.6,25.0,25.04,0.7,27.8
376,2019-01-12,28.4,25.0,17.91,9.0,25.4
377,2019-01-13,28.2,24.8,20.7,8.2,21.1
378,2019-01-14,28.3,25.2,20.11,4.7,22.0
379,2019-01-15,29.0,25.0,18.58,3.0,29.0
380,2019-01-16,28.9,26.1,21.44,0.3,21.1
381,2019-01-17,28.5,25.9,19.42,2.2,23.5
382,2019-01-18,28.7,25.3,19.62,21.9,23.4
383,2019-01-19,28.8,25.3,22.29,1.8,21.2
384,2019-01-20,28.1,25.2,18.27,6.8,23.6
385,2019-01-21,28.7,25.7,25.24,2.5,31.3
386,2019-01-22,29.2,25.4,25.3,0.0,22.0
387,2019-01-23,29.5,26.0,26.22,0.0,22.7
388,2019-01-24,29.3,26.3,24.68,0.0,24.8
389,2019-01-25,29.3,26.2,25.15,1.1,24.3
390,2019-01-26,27.6,25.2,20.0,4.5,22.9
391,2019-01-27,28.7,24.7,23.86,2.9,26.3
392,2019-01-28,27.8,24.5,22.63,2.4,25.3
393,2019-01-29,28.0,25.0,19.89,8.4,27.7
394,2019-01-30,29.6,25.8,22.02,0.8,24.8
395,2019-01-31,29.2,25.8,22.4,4.8,24.8
396,2019-02-01,29.1,25.1,21.77,3.5,24.8
397,2019-02-02,29.1,25.2,23.13,2.2,24.3
398,2019-02-03,27.9,25.5,20.29,5.1,20.5
399,2019-02-04,29.0,25.2,22.07,4.9,17.4
400,2019-02-05,27.7,25.3,18.41,6.5,20.6
401,2019-02-06,28.4,25.3,16.35,17.9,19.5
402,2019-02-07,28.9,25.4,23.04,3.2,25.5
403,2019-02-08,29.0,26.0,23.01,0.7,26.1
404,2019-02-09,29.5,25.5,25.98,0.3,25.1
405,2019-02-10,27.7,25.1,23.4,4.8,25.5
406,2019-02-11,29.0,25.4,23.52,2.4,27.8
407,2019-02-12,28.1,25.8,20.61,5.4,25.2
408,2019-02-13,27.2,25.0,11.77,54.5,19.1
409,2019-02-14,29.3,24.8,20.37,0.2,16.6
410,2019-02-15,29.3,26.0,22.57,5.8,19.6
411,2019-02-16,28.2,25.4,20.08,7.1,17.9
412,2019-02-17,28.1,25.5,20.92,3.2,21.1
413,2019-02-18,27.5,25.5,18.37,12.7,21.0
414,2019-02-19,29.7,25.7,23.44,1.9,18.8
415,2019-02-20,29.2,25.8,24.28,0.1,16.9
416,2019-02-21,29.3,26.3,25.23,0.9,18.7
417,2019-02-22,27.7,25.6,21.14,5.3,21.3
418,2019-02-23,27.0,25.2,11.99,20.1,17.3
419,2019-02-24,28.4,25.4,20.24,5.0,12.1
420,2019-02-25,28.2,25.2,18.03,8.6,15.9
421,2019-02-26,29.1,26.0,21.21,2.7,15.0
422,2019-02-27,29.7,26.1,24.51,1.3,20.9
423,2019-02-28,29.4,26.6,23.3,0.6,19.9
424,2019-03-01,27.6,25.1,15.26,4.9,19.1
425,2019-03-02,27.4,24.8,13.23,14.2,17.8
426,2019-03-03,27.4,24.4,16.8,16.1,16.2
427,2019-03-04,27.6,24.9,15.32,7.2,18.5
428,2019-03-05,28.3,25.4,20.88,8.5,26.7
429,2019-03-06,27.6,24.9,14.3,12.9,25.8
430,2019-03-07,29.2,25.3,21.19,3.4,21.9
431,2019-03-08,28.5,25.1,18.7,5.0,23.7
432,2019-03-09,28.7,25.2,21.8,7.9,25.9
433,2019-03-10,29.2,25.2,21.64,2.5,20.8
434,2019-03-11,29.6,26.5,21.61,0.8,23.8
435,2019-03-12,28.0,26.3,16.68,7.3,23.7
436,2019-03-13,27.6,25.5,11.25,9.0,17.7
437,2019-03-14,28.7,25.5,17.22,7.0,20.0
438,2019-03-15,27.8,25.4,17.21,7.3,21.2
439,2019-03-16,29.1,26.2,21.07,1.6,23.4
440,2019-03-17,28.9,25.2,17.41,4.3,15.0
441,2019-03-18,28.5,25.4,18.32,6.0,15.9
442,2019-03-19,28.8,26.2,20.3,7.0,13.0
443,2019-03-20,29.9,25.1,23.39,1.1,18.7
444,2019-03-21,29.5,26.4,22.67,2.0,16.0
445,2019-03-22,29.3,25.2,23.58,5.5,14.7
446,2019-03-23,28.6,25.8,19.0,6.7,18.8
447,2019-03-24,29.4,25.5,22.78,2.2,16.2
448,2019-03-25,28.0,25.8,19.5,3.2,16.3
449,2019-03-26,28.0,25.4,17.31,5.6,15.6
450,2019-03-27,28.3,24.9,16.62,15.0,19.7
451,2019-03-28,28.5,25.0,13.78,13.9,23.8
452,2019-03-29,28.7,25.4,16.02,18.9,24.3
453,2019-03-30,29.3,25.7,18.92,12.5,15.5
454,2019-03-31,27.6,25.3,13.68,18.7,23.3
455,2019-04-01,26.7,25.3,7.59,18.6,20.6
456,2019-04-02,28.5,24.8,17.47,5.7,20.3
457,2019-04-03,29.0,25.6,19.71,10.8,19.5
458,2019-04-04,28.5,25.3,19.59,7.1,17.2
459,2019-04-05,27.7,25.2,18.74,8.3,16.1
460,2019-04-06,28.3,25.1,14.71,4.7,19.9
461,2019-04-07,29.0,25.4,18.84,3.7,22.1
462,2019-04-08,29.7,25.7,22.62,1.9,22.9
463,2019-04-09,29.7,26.4,24.65,0.1,21.6
464,2019-04-10,29.7,26.5,23.85,0.0,18.1
465,2019-04-11,28.5,26.3,19.03,4.7,19.0
466,2019-04-12,27.3,25.5,14.9,12.6,16.3
467,2019-04-13,27.5,25.4,15.25,17.6,19.0
468,2019-04-14,29.1,25.0,21.74,5.1,23.2
469,2019-04-15,28.5,25.1,12.42,0.4,16.0
470,2019-04-16,29.6,25.9,22.9,0.1,19.5
471,2019-04-17,28.7,25.4,19.89,1.1,22.5
472,2019-04-18,29.5,26.6,21.89,0.5,18.9
473,2019-04-19,28.5,25.7,17.97,4.5,15.9
474,2019-04-20,27.8,25.3,17.78,23.3,15.3
475,2019-04-21,29.5,25.5,15.93,3.1,23.3
476,2019-04-22,28.9,26.2,19.01,1.7,25.3
477,2019-04-23,28.7,25.4,18.37,4.1,23.6
478,2019-04-24,28.5,25.7,19.2,5.5,27.7
479,2019-04-25,27.0,25.5,8.94,28.7,20.4
480,2019-04-26,27.7,25.4,17.03,8.0,21.8
481,2019-04-27,29.1,25.7,19.77,0.7,25.0
482,2019-04-28,29.1,26.5,18.2,2.4,25.3
483,2019-04-29,28.9,25.8,19.92,6.0,18.0
484,2019-04-30,27.7,25.6,14.91,8.7,18.7
485,2019-05-01,27.9,25.5,19.36,6.5,22.9
486,2019-05-02,29.3,26.1,21.67,1.8,23.8
487,2019-05-03,29.3,25.9,22.33,0.0,27.2
488,2019-05-04,29.4,26.4,22.29,0.4,28.8
489,2019-05-05,28.2,26.3,19.08,3.4,28.3
490,2019-05-06,28.0,24.9,15.6,4.6,28.1
491,2019-05-07,26.6,25.0,8.73,26.9,25.2
492,2019-05-08,28.3,25.3,17.97,9.0,20.4
493,2019-05-09,28.6,25.2,18.64,3.6,25.5
494,2019-05-10,29.4,26.3,20.42,0.0,26.6
495,2019-05-11,28.5,26.3,16.92,3.9,22.7
496,2019-05-12,27.8,26.1,18.79,1.9,26.5
497,2019-05-13,28.1,25.3,19.85,1.9,18.2
498,2019-05-14,29.1,25.3,20.68,0.2,16.6
499,2019-05-15,28.6,25.2,20.69,1.1,14.4
500,2019-05-16,29.1,25.7,18.36,0.6,18.3
501,2019-05-17,28.8,26.2,19.11,2.1,20.9
502,2019-05-18,29.0,26.0,21.86,0.0,19.6
503,2019-05-19,27.5,25.3,17.97,3.0,20.0
504,2019-05-20,27.3,24.6,16.21,5.9,20.8
505,2019-05-21,27.2,25.1,15.56,10.1,20.5
506,2019-05-22,28.4,25.6,18.98,2.6,21.0
507,2019-05-23,28.5,25.0,19.23,1.5,21.2
508,2019-05-24,28.3,25.6,19.05,1.3,21.5
509,2019-05-25,28.3,25.6,18.07,4.5,23.3
510,2019-05-26,29.3,25.2,19.08,3.7,24.0
511,2019-05-27,27.8,24.6,19.37,1.3,22.9
512,2019-05-28,28.7,24.7,19.62,1.0,25.1
513,2019-05-29,29.0,25.3,18.1,1.6,24.4
514,2019-05-30,26.5,24.9,13.24,5.0,21.0
515,2019-05-31,28.6,25.2,19.18,3.2,23.3
516,2019-06-01,29.1,25.2,20.06,0.1,19.7
517,2019-06-02,28.5,24.5,18.49,1.7,27.8
518,2019-06-03,29.0,25.6,20.26,0.2,28.3
519,2019-06-04,28.6,24.4,19.4,0.9,23.4
520,2019-06-05,28.5,24.8,19.53,1.6,24.8
521,2019-06-06,28.6,24.6,18.69,0.0,28.9
522,2019-06-07,28.4,24.5,17.73,0.4,26.0
523,2019-06-08,27.7,24.7,16.07,7.1,26.5
524,2019-06-09,28.5,25.5,18.48,1.1,25.0
525,2019-06-10,27.4,24.8,4.84,28.3,30.8
526,2019-06-11,26.9,24.6,3.46,9.7,25.9
527,2019-06-12,26.0,25.0,4.15,20.6,20.0
528,2019-06-13,25.4,24.5,4.23,110.2,27.9
529,2019-06-14,26.6,24.3,8.69,15.0,24.0
530,2019-06-15,25.9,24.4,3.74,11.0,27.1
531,2019-06-16,26.4,24.1,12.07,11.4,16.3
532,2019-06-17,26.5,24.2,11.91,3.9,18.0
533,2019-06-18,26.4,24.4,18.0,1.7,21.6
534,2019-06-19,28.2,24.4,20.79,0.8,25.8
535,2019-06-20,27.6,23.8,16.01,1.5,29.6
536,2019-06-21,27.3,24.1,17.51,1.0,32.7
537,2019-06-22,28.0,25.0,20.38,0.0,34.2
538,2019-06-23,27.3,23.9,17.74,1.4,28.9
539,2019-06-24,28.1,24.0,20.74,0.4,21.0
540,2019-06-25,27.0,23.5,17.62,1.9,24.2
541,2019-06-26,26.8,23.6,16.44,2.6,27.1
542,2019-06-27,26.9,24.1,18.15,3.5,28.5
543,2019-06-28,28.2,24.8,19.63,0.0,29.1
544,2019-06-29,27.8,23.7,15.5,4.8,29.2
545,2019-06-30,25.9,24.1,15.26,5.3,27.1
546,2019-07-01,27.3,24.9,17.68,3.6,25.9
547,2019-07-02,26.8,23.8,16.66,2.8,21.3
548,2019-07-03,26.8,23.8,17.84,3.0,16.7
549,2019-07-04,27.0,25.0,17.62,2.9,23.9
550,2019-07-05,27.9,24.5,19.25,2.6,21.9
551,2019-07-06,27.7,24.9,19.79,0.0,19.6
552,2019-07-07,27.8,24.8,18.8,0.3,20.3
553,2019-07-08,26.9,24.0,17.69,2.4,27.0
554,2019-07-09,27.5,23.2,18.77,1.0,23.2
555,2019-07-10,26.2,23.7,4.78,11.1,24.3
556,2019-07-11,27.4,24.8,13.8,0.3,27.8
557,2019-07-12,26.2,23.8,18.55,2.9,25.4
558,2019-07-13,27.5,23.9,19.35,2.5,19.7
559,2019-07-14,26.9,23.7,17.75,1.7,25.2
560,2019-07-15,26.2,23.9,17.26,2.8,27.5
561,2019-07-16,26.8,23.6,18.25,0.5,24.4
562,2019-07-17,27.6,24.4,15.16,0.0,25.2
563,2019-07-18,27.1,23.7,18.7,0.0,31.9
564,2019-07-19,25.8,23.4,15.96,4.2,29.8
565,2019-07-20,26.5,23.3,13.18,6.5,26.3
566,2019-07-21,25.9,23.5,18.21,2.4,29.9
567,2019-07-22,25.2,23.2,15.65,10.6,29.3
568,2019-07-23,25.9,23.3,16.49,6.2,23.9
569,2019-07-24,25.6,23.2,16.2,9.2,22.3
570,2019-07-25,26.4,23.3,14.28,7.5,29.7
571,2019-07-26,26.6,23.8,18.78,3.8,28.4
572,2019-07-27,26.1,23.1,18.05,2.8,24.7
573,2019-07-28,26.1,23.2,17.9,4.5,27.4
574,2019-07-29,26.7,23.3,17.59,0.0,30.8
575,2019-07-30,27.5,23.6,18.32,0.1,24.3
576,2019-07-31,26.8,23.8,17.76,3.0,21.7
577,2019-08-01,26.7,23.5,18.14,2.3,23.5
578,2019-08-02,25.7,23.3,17.61,3.3,26.0
579,2019-08-03,27.5,24.2,21.17,0.7,26.8
580,2019-08-04,27.4,24.0,17.38,2.2,28.7
581,2019-08-05,26.8,24.3,18.62,2.7,39.5
582,2019-08-06,26.1,23.1,17.16,4.4,34.1
583,2019-08-07,26.3,23.6,17.27,3.4,31.5
584,2019-08-08,27.2,23.3,23.05,0.3,31.4
585,2019-08-09,26.6,22.8,18.82,1.2,31.9
586,2019-08-10,27.4,23.7,20.73,1.0,27.6
587,2019-08-11,27.4,23.9,22.09,0.0,29.8
588,2019-08-12,26.1,23.8,18.21,1.5,31.6
589,2019-08-13,26.3,23.2,18.21,2.6,27.1
590,2019-08-14,26.7,23.7,20.38,1.1,23.7
591,2019-08-15,26.3,23.2,19.15,2.1,31.8
592,2019-08-16,26.3,23.1,18.43,2.5,32.1
593,2019-08-17,27.4,23.6,21.97,1.4,30.4
594,2019-08-18,26.1,23.3,17.06,3.4,28.5
595,2019-08-19,26.4,23.6,20.92,1.0,29.0
596,2019-08-20,26.6,23.2,21.06,0.3,32.1
597,2019-08-21,27.3,23.3,23.42,0.0,28.3
598,2019-08-22,27.5,23.0,24.3,0.0,28.6
599,2019-08-23,27.0,23.5,21.78,1.0,31.4
600,2019-08-24,26.2,23.0,18.78,0.9,30.1
601,2019-08-25,27.1,23.3,21.78,0.4,30.4
602,2019-08-26,26.9,23.8,21.43,0.0,32.8
603,2019-08-27,26.7,24.2,19.07,1.0,32.9
604,2019-08-28,26.6,22.9,20.13,0.6,31.5
605,2019-08-29,27.2,23.2,24.09,0.8,30.1
606,2019-08-30,26.4,22.7,18.86,0.7,29.0
607,2019-08-31,27.2,23.9,21.66,0.1,26.2
608,2019-09-01,27.0,23.4,19.43,1.0,24.6
609,2019-09-02,26.7,24.0,18.94,1.6,26.6
610,2019-09-03,26.9,25.1,20.75,0.3,27.9
611,2019-09-04,26.4,24.3,17.91,1.5,24.6
612,2019-09-05,27.5,24.1,21.43,0.1,29.1
613,2019-09-06,26.7,23.6,19.62,0.3,35.0
614,2019-09-07,26.3,23.5,17.65,3.5,32.9
615,2019-09-08,27.3,23.5,21.07,2.0,31.6
616,2019-09-09,27.0,24.1,20.51,0.7,31.7
617,2019-09-10,27.1,24.1,20.12,0.6,29.6
618,2019-09-11,27.7,23.9,21.72,0.9,30.1
619,2019-09-12,26.9,23.6,19.33,3.2,34.1
620,2019-09-13,27.7,24.5,24.63,0.0,29.0
621,2019-09-14,27.5,24.0,21.54,0.7,28.6
622,2019-09-15,27.1,23.7,21.26,2.4,30.6
623,2019-09-16,27.4,24.0,22.17,0.5,30.3
624,2019-09-17,27.2,23.9,22.16,1.6,24.0
625,2019-09-18,27.5,24.6,23.62,0.2,27.2
626,2019-09-19,27.8,24.2,23.28,0.7,30.2
627,2019-09-20,27.5,24.7,20.33,0.6,26.9
628,2019-09-21,26.5,23.8,18.85,3.6,26.2
629,2019-09-22,27.7,24.7,25.25,0.0,27.1
630,2019-09-23,27.2,23.9,21.15,1.5,30.5
631,2019-09-24,28.3,24.4,24.78,0.5,33.6
632,2019-09-25,27.7,24.2,22.96,1.8,32.8
633,2019-09-26,27.4,24.6,22.81,0.0,29.6
634,2019-09-27,27.8,24.8,23.73,0.0,23.8
635,2019-09-28,27.6,24.4,23.06,0.0,22.6
636,2019-09-29,27.6,24.8,23.95,0.0,26.9
637,2019-09-30,27.1,24.9,22.68,0.0,26.0
638,2019-10-01,27.7,24.7,24.12,0.1,25.3
639,2019-10-02,27.2,25.0,23.49,0.0,26.4
640,2019-10-03,27.9,24.3,20.9,0.4,30.3
641,2019-10-04,28.0,25.2,24.29,0.9,33.6
642,2019-10-05,28.0,24.2,25.53,0.4,30.7
643,2019-10-06,27.7,24.7,23.94,0.7,28.0
644,2019-10-07,27.3,25.1,25.74,0.6,27.5
645,2019-10-08,28.2,25.1,26.73,0.3,29.7
646,2019-10-09,27.8,25.0,24.23,1.6,29.7
647,2019-10-10,27.8,24.7,23.68,0.3,31.6
648,2019-10-11,27.4,24.3,19.9,2.6,33.8
649,2019-10-12,27.6,24.3,20.96,1.3,36.4
650,2019-10-13,27.3,24.4,18.99,1.1,32.6
651,2019-10-14,27.6,24.6,21.4,0.6,28.3
652,2019-10-15,27.8,24.2,21.12,1.1,28.7
653,2019-10-16,28.4,25.1,26.22,0.8,30.6
654,2019-10-17,27.8,24.8,20.59,0.4,31.6
655,2019-10-18,27.3,24.5,22.58,1.6,27.2
656,2019-10-19,28.0,25.1,24.04,0.0,24.6
657,2019-10-20,27.5,25.0,22.62,0.0,23.0
658,2019-10-21,27.5,24.8,22.32,0.0,20.7
659,2019-10-22,27.8,24.9,23.11,0.6,20.7
660,2019-10-23,28.3,24.5,25.62,0.0,23.2
661,2019-10-24,27.9,25.3,23.55,0.0,30.1
662,2019-10-25,28.3,25.1,23.86,1.0,30.3
663,2019-10-26,27.7,24.9,22.36,2.8,25.6
664,2019-10-27,28.1,25.2,24.53,1.8,30.4
665,2019-10-28,27.8,24.9,24.73,0.0,35.4
666,2019-10-29,27.5,24.9,23.45,0.0,29.6
667,2019-10-30,28.2,24.7,27.77,0.0,27.6
668,2019-10-31,28.4,24.7,26.28,0.2,29.2
669,2019-11-01,28.2,24.7,23.95,0.0,26.8
670,2019-11-02,28.5,25.0,25.65,0.5,28.3
671,2019-11-03,27.9,24.9,22.97,1.4,27.5
672,2019-11-04,27.8,25.4,22.92,0.5,26.7
673,2019-11-05,27.7,25.4,25.44,0.0,26.2
674,2019-11-06,28.1,25.7,22.02,0.1,27.0
675,2019-11-07,28.3,25.5,23.84,1.4,30.3
676,2019-11-08,28.2,25.3,23.75,0.5,28.8
677,2019-11-09,28.3,25.5,22.69,0.0,28.3
678,2019-11-10,27.8,25.5,21.86,0.2,26.5
679,2019-11-11,28.5,25.4,25.92,0.0,29.8
680,2019-11-12,28.7,25.4,25.42,0.0,32.2
681,2019-11-13,28.6,25.3,26.39,0.2,30.1
682,2019-11-14,28.3,25.5,24.79,0.0,26.7
683,2019-11-15,28.2,25.5,23.93,0.0,26.0
684,2019-11-16,27.7,25.7,22.88,0.0,23.5
685,2019-11-17,28.1,25.7,22.43,0.0,21.6
686,2019-11-18,28.5,25.8,24.2,0.6,29.0
687,2019-11-19,28.0,26.1,23.98,0.7,29.9
688,2019-11-20,28.3,25.5,21.29,0.0,29.0
689,2019-11-21,28.3,25.3,25.75,0.0,28.6
690,2019-11-22,28.8,25.3,26.68,0.0,25.4
691,2019-11-23,28.1,25.7,21.1,0.2,23.1
692,2019-11-24,28.2,25.5,23.39,0.0,19.1
693,2019-11-25,28.5,26.0,22.23,0.2,18.5
694,2019-11-26,28.5,26.0,24.35,0.5,22.1
695,2019-11-27,28.5,26.0,25.89,0.1,24.2
696,2019-11-28,28.5,25.7,25.88,0.0,24.8
697,2019-11-29,28.5,25.9,23.64,0.1,24.4
698,2019-11-30,28.1,25.4,26.02,0.3,23.6
699,2019-12-01,28.6,25.9,22.15,0.0,21.5
700,2019-12-02,28.8,25.9,26.3,0.0,21.2
701,2019-12-03,28.3,25.8,22.15,0.0,22.3
702,2019-12-04,28.6,25.8,23.38,0.0,25.1
703,2019-12-05,28.8,25.6,26.52,0.0,21.6
704,2019-12-06,28.9,25.8,23.16,0.0,18.0
705,2019-12-07,28.9,25.9,22.6,0.2,19.2
706,2019-12-08,28.8,25.9,22.09,1.6,22.3
707,2019-12-09,28.8,26.3,25.96,0.3,22.3
708,2019-12-10,28.6,25.4,23.91,0.2,23.8
709,2019-12-11,28.7,25.9,22.42,0.9,23.2
710,2019-12-12,28.2,26.1,21.71,1.0,27.4
711,2019-12-13,28.0,26.1,20.45,0.6,28.1
712,2019-12-14,29.1,26.0,22.55,0.0,27.9
713,2019-12-15,29.0,25.5,22.94,1.1,26.6
714,2019-12-16,27.9,25.1,20.42,2.4,25.2
715,2019-12-17,29.1,25.5,25.4,1.2,26.7
716,2019-12-18,29.1,26.2,26.46,0.1,26.8
717,2019-12-19,28.6,26.2,22.17,1.5,31.3
718,2019-12-20,28.5,26.1,21.0,0.4,32.9
719,2019-12-21,28.8,26.2,23.07,1.0,33.9
720,2019-12-22,28.8,26.2,22.58,0.0,31.6
721,2019-12-23,29.2,26.3,23.88,0.0,27.8
722,2019-12-24,28.7,26.1,19.6,4.4,30.8
723,2019-12-25,28.6,26.6,24.6,0.6,31.0
724,2019-12-26,28.8,25.8,26.28,0.4,28.3
725,2019-12-27,28.4,25.9,26.18,0.0,27.2
726,2019-12-28,28.9,25.9,24.53,0.0,24.5
727,2019-12-29,28.3,26.1,20.8,0.9,24.5
728,2019-12-30,28.5,26.2,21.67,1.1,23.6
729,2019-12-31,28.6,25.9,21.89,0.5,21.3
730,2020-01-01,28.1,25.5,19.9,1.6,18.8
731,2020-01-02,28.5,25.8,21.28,0.6,20.4
732,2020-01-03,28.9,26.4,23.48,1.2,20.9
733,2020-01-04,28.9,26.0,21.54,0.0,21.6
734,2020-01-05,29.0,25.8,22.67,0.0,22.9
735,2020-01-06,29.0,26.5,21.25,0.0,20.5
736,2020-01-07,28.4,25.2,21.54,2.0,19.3
737,2020-01-08,27.9,25.5,20.55,8.1,18.9
738,2020-01-09,27.5,24.4,20.67,8.2,15.9
739,2020-01-10,28.6,25.0,22.37,3.9,19.7
740,2020-01-11,28.5,25.4,22.42,2.8,25.6
741,2020-01-12,29.2,25.8,19.47,0.0,23.7
742,2020-01-13,29.2,26.5,23.89,0.2,24.1
743,2020-01-14,29.3,26.3,24.72,0.2,23.5
744,2020-01-15,29.0,25.7,23.69,0.5,24.2
745,2020-01-16,29.1,26.1,20.84,1.6,26.9
746,2020-01-17,27.5,25.7,13.78,12.2,24.4
747,2020-01-18,28.9,25.6,18.76,1.7,26.9
748,2020-01-19,28.9,26.4,24.77,0.0,23.0
749,2020-01-20,28.9,25.6,24.1,1.2,21.5
750,2020-01-21,29.1,25.6,21.19,1.2,19.0
751,2020-01-22,28.0,25.7,17.88,3.7,21.3
752,2020-01-23,29.5,26.1,22.65,1.0,24.8
753,2020-01-24,29.3,26.0,22.97,2.4,21.8
754,2020-01-25,29.3,26.8,21.89,0.6,23.9
755,2020-01-26,28.8,25.6,20.47,6.2,20.9
756,2020-01-27,29.3,25.6,22.56,2.8,23.7
757,2020-01-28,29.3,25.5,23.46,2.3,21.1
758,2020-01-29,29.3,26.5,23.0,4.7,24.9
759,2020-01-30,29.4,26.4,23.73,1.2,25.2
760,2020-01-31,28.6,26.7,19.12,2.0,17.5
761,2020-02-01,28.7,24.9,20.97,5.3,22.5
762,2020-02-02,28.3,26.1,18.15,8.1,18.0
763,2020-02-03,28.9,25.7,20.12,6.0,21.0
764,2020-02-04,28.6,25.8,20.83,4.7,21.2
765,2020-02-05,28.5,25.7,18.32,1.7,22.4
766,2020-02-06,29.4,26.2,24.66,1.2,18.4
767,2020-02-07,29.4,26.2,25.05,0.1,19.8
768,2020-02-08,29.6,26.1,24.6,1.3,22.4
769,2020-02-09,29.5,25.5,22.69,4.3,25.0
770,2020-02-10,29.9,25.1,24.02,3.0,22.1
771,2020-02-11,29.4,25.7,25.41,2.0,26.8
772,2020-02-12,28.9,26.1,21.78,1.2,22.6
773,2020-02-13,27.3,25.1,11.97,28.6,20.0
774,2020-02-14,29.7,25.2,21.63,2.3,24.4
775,2020-02-15,29.8,26.3,22.81,0.6,23.5
776,2020-02-16,29.5,25.7,23.84,1.4,23.9
777,2020-02-17,28.8,25.9,21.28,4.4,23.2
778,2020-02-18,28.3,25.8,17.45,13.9,24.1
779,2020-02-19,28.4,25.3,20.38,5.0,23.3
780,2020-02-20,27.5,25.3,15.1,17.5,24.1
781,2020-02-21,28.8,25.4,19.49,8.3,23.7
782,2020-02-22,28.9,26.1,16.97,2.2,18.4
783,2020-02-23,29.9,26.9,25.15,0.8,21.7
784,2020-02-24,29.9,27.1,23.63,0.5,25.3
785,2020-02-25,29.5,26.9,23.59,0.3,25.3
786,2020-02-26,30.1,26.8,23.54,0.1,23.5
787,2020-02-27,29.2,26.4,22.63,6.4,19.2
788,2020-02-28,29.5,26.6,21.78,5.4,21.6
789,2020-02-29,29.4,25.4,20.66,10.6,20.5
790,2020-03-01,28.3,24.8,21.25,19.6,15.5
791,2020-03-02,29.1,24.8,22.48,11.2,14.8
792,2020-03-03,29.4,25.3,21.33,5.1,17.7
793,2020-03-04,29.9,26.7,20.97,2.7,18.8
794,2020-03-05,28.7,26.4,19.47,7.9,18.2
795,2020-03-06,30.0,25.4,21.71,11.1,16.1
796,2020-03-07,28.9,25.8,21.52,12.0,14.1
797,2020-03-08,29.6,25.9,22.28,1.8,20.5
798,2020-03-09,29.8,26.6,24.15,0.0,18.6
799,2020-03-10,29.2,26.3,22.81,1.2,15.8
800,2020-03-11,29.0,25.6,22.21,2.1,19.2
801,2020-03-12,27.6,25.6,18.31,18.8,16.8
802,2020-03-13,27.7,25.3,9.14,15.3,15.0
803,2020-03-14,28.0,25.0,10.6,28.6,21.7
804,2020-03-15,27.8,25.2,18.46,19.3,18.8
805,2020-03-16,29.3,25.2,21.64,7.8,15.5
806,2020-03-17,29.3,25.2,21.34,2.5,16.5
807,2020-03-18,29.5,26.6,23.41,2.3,17.3
808,2020-03-19,29.6,26.2,19.59,1.5,19.9
809,2020-03-20,29.5,26.4,20.8,2.3,15.6
810,2020-03-21,29.8,25.9,25.12,0.0,16.1
811,2020-03-22,30.1,26.1,23.79,0.0,18.8
812,2020-03-23,30.2,26.6,23.43,0.6,19.5
813,2020-03-24,29.5,25.9,20.86,1.6,15.9
814,2020-03-25,28.8,25.3,18.62,3.7,13.0
815,2020-03-26,29.0,25.3,23.64,1.0,14.0
816,2020-03-27,29.0,25.6,23.37,1.5,22.1
817,2020-03-28,29.4,25.6,22.67,1.5,20.8
818,2020-03-29,28.6,25.5,18.6,25.6,22.2
819,2020-03-30,28.1,25.4,11.35,17.8,20.4
820,2020-03-31,28.8,25.2,21.39,3.9,27.8
821,2020-04-01,29.9,26.3,23.26,3.8,27.0
822,2020-04-02,28.8,25.6,20.55,5.8,24.3
823,2020-04-03,29.0,25.9,16.07,6.7,24.8
824,2020-04-04,29.6,25.6,19.68,7.7,20.6
825,2020-04-05,28.5,26.3,19.71,3.2,20.1
826,2020-04-06,30.3,27.5,23.44,0.9,21.8
827,2020-04-07,30.0,27.1,22.61,0.9,24.7
828,2020-04-08,30.2,26.6,23.53,0.2,23.2
829,2020-04-09,30.0,26.6,21.02,1.2,21.2
830,2020-04-10,29.6,25.5,19.4,5.5,20.0
831,2020-04-11,30.0,25.9,22.51,5.5,18.2
832,2020-04-12,30.0,26.7,22.27,1.7,21.3
833,2020-04-13,30.0,26.3,24.25,1.3,20.4
834,2020-04-14,28.8,26.0,20.75,2.2,20.6
835,2020-04-15,28.1,25.2,17.28,10.0,16.2
836,2020-04-16,26.5,25.1,6.98,24.9,22.8
837,2020-04-17,28.6,25.8,19.33,6.1,20.5
838,2020-04-18,28.7,25.6,21.02,6.4,13.1
839,2020-04-19,28.5,25.4,20.1,6.5,18.4
840,2020-04-20,28.8,25.0,20.11,9.4,23.7
841,2020-04-21,26.8,25.3,11.31,20.4,20.1
842,2020-04-22,28.3,24.9,15.87,9.0,14.5
843,2020-04-23,28.2,25.1,19.84,3.4,19.1
844,2020-04-24,27.6,25.5,16.13,8.7,17.9
845,2020-04-25,27.9,24.8,20.21,7.0,21.9
846,2020-04-26,27.7,25.1,4.54,69.3,19.3
847,2020-04-27,27.7,24.9,18.86,5.9,23.6
848,2020-04-28,27.8,24.8,19.67,5.4,23.2
849,2020-04-29,27.9,25.6,17.47,7.4,25.3
850,2020-04-30,27.8,25.1,11.38,6.1,22.1
851,2020-05-01,29.5,25.7,20.69,2.3,23.4
852,2020-05-02,29.4,26.2,20.17,1.8,23.6
853,2020-05-03,29.3,25.7,19.72,0.4,22.5
854,2020-05-04,27.2,25.6,3.92,33.1,25.2
855,2020-05-05,28.6,25.6,18.7,5.6,27.2
856,2020-05-06,28.3,25.4,19.39,4.3,27.1
857,2020-05-07,29.4,26.5,22.38,0.0,25.8
858,2020-05-08,29.3,25.1,19.16,1.4,22.6
859,2020-05-09,27.8,25.9,15.97,6.3,23.9
860,2020-05-10,29.0,25.9,20.8,0.5,24.3
861,2020-05-11,29.5,25.6,21.56,0.7,24.7
862,2020-05-12,28.4,25.0,19.0,0.3,25.6
863,2020-05-13,29.0,25.4,18.75,0.7,21.4
864,2020-05-14,27.6,25.1,18.4,7.1,22.8
865,2020-05-15,26.8,25.2,13.11,16.0,17.9
866,2020-05-16,26.4,24.9,14.54,8.5,21.1
867,2020-05-17,28.7,24.6,19.49,0.8,17.0
868,2020-05-18,28.5,25.5,18.3,0.8,21.5
869,2020-05-19,28.9,25.3,17.54,2.0,25.0
870,2020-05-20,27.1,25.2,18.41,10.4,24.2
871,2020-05-21,27.5,25.0,16.42,5.6,25.3
872,2020-05-22,28.0,25.4,18.31,7.5,26.7
873,2020-05-23,26.6,24.9,4.97,76.8,20.9
874,2020-05-24,26.5,24.9,15.8,7.3,18.1
875,2020-05-25,28.3,24.6,17.35,1.7,13.9
876,2020-05-26,28.4,24.8,17.95,1.4,13.7
877,2020-05-27,28.7,25.6,19.79,0.4,13.7
878,2020-05-28,28.5,25.7,18.68,3.5,21.7
879,2020-05-29,27.7,25.2,18.19,4.9,26.9
880,2020-05-30,28.0,25.2,15.31,5.3,23.2
881,2020-05-31,27.7,24.5,15.89,8.3,18.6
882,2020-06-01,28.3,24.9,18.61,2.2,18.3
883,2020-06-02,28.0,24.7,19.57,4.2,19.6
884,2020-06-03,28.0,25.2,15.53,2.9,20.4
885,2020-06-04,27.8,25.2,17.68,2.7,23.7
886,2020-06-05,27.0,24.8,17.22,1.5,23.1
887,2020-06-06,28.0,24.5,16.14,3.3,27.2
888,2020-06-07,26.6,24.5,14.86,9.0,17.6
889,2020-06-08,27.7,24.2,16.73,5.4,25.4
890,2020-06-09,27.2,24.8,15.79,9.8,21.0
891,2020-06-10,26.8,24.4,14.13,11.1,21.7
892,2020-06-11,26.1,24.4,13.36,7.8,23.9
893,2020-06-12,28.0,24.4,15.45,5.3,28.6
894,2020-06-13,28.5,25.1,15.93,0.5,23.2
895,2020-06-14,27.3,24.6,15.02,7.3,23.4
896,2020-06-15,28.0,24.2,16.51,2.9,21.6
897,2020-06-16,26.6,24.2,9.6,28.7,31.3
898,2020-06-17,26.6,24.1,15.31,5.4,29.8
899,2020-06-18,26.6,23.8,16.95,11.9,24.8
900,2020-06-19,26.0,24.1,12.39,10.9,25.0
901,2020-06-20,27.5,24.6,17.36,3.1,38.4
902,2020-06-21,27.9,25.3,16.47,0.1,34.1
903,2020-06-22,27.1,24.7,7.5,1.4,33.0
904,2020-06-23,27.7,25.2,13.25,0.0,30.0
905,2020-06-24,27.0,24.4,7.78,1.4,27.3
906,2020-06-25,28.1,24.9,13.4,0.4,27.5
907,2020-06-26,26.3,23.8,15.89,4.3,24.1
908,2020-06-27,26.6,23.3,17.29,4.2,21.0
909,2020-06-28,27.0,24.1,16.29,2.3,25.0
910,2020-06-29,26.2,23.8,14.47,4.3,24.0
911,2020-06-30,27.9,24.4,19.09,0.1,26.7
912,2020-07-01,27.4,23.7,16.51,2.0,22.6
913,2020-07-02,26.9,23.5,17.11,1.9,20.4
914,2020-07-03,26.7,23.9,18.89,2.1,20.9
915,2020-07-04,27.6,24.4,20.85,0.2,25.6
916,2020-07-05,25.8,23.8,14.93,14.6,25.3
917,2020-07-06,25.7,24.1,15.24,14.0,24.3
918,2020-07-07,27.4,23.3,17.29,0.0,24.0
919,2020-07-08,27.2,23.0,18.24,0.7,21.6
920,2020-07-09,26.5,23.8,14.64,10.6,20.4
921,2020-07-10,27.6,24.4,18.89,0.4,23.7
922,2020-07-11,25.7,23.8,14.54,5.5,27.1
923,2020-07-12,27.1,23.3,18.08,3.9,31.6
924,2020-07-13,28.0,23.4,22.41,0.0,23.5
925,2020-07-14,27.5,23.1,21.72,0.0,22.9
926,2020-07-15,26.1,24.0,5.16,4.0,28.4
927,2020-07-16,26.2,23.7,13.06,4.9,26.5
928,2020-07-17,26.6,23.2,17.11,1.4,29.5
929,2020-07-18,25.2,23.5,13.81,10.1,29.4
930,2020-07-19,27.7,23.8,20.32,1.8,28.9
931,2020-07-20,25.2,23.6,11.8,15.1,29.0
932,2020-07-21,25.8,23.1,16.06,4.6,32.3
933,2020-07-22,27.2,23.2,19.52,0.0,31.1
934,2020-07-23,26.8,24.1,17.05,0.8,31.7
935,2020-07-24,27.0,23.2,19.29,0.8,31.2
936,2020-07-25,27.2,23.6,16.44,0.6,35.2
937,2020-07-26,25.2,23.2,16.51,4.9,30.6
938,2020-07-27,25.9,22.7,17.82,3.3,32.1
939,2020-07-28,26.8,24.1,17.87,0.5,31.6
940,2020-07-29,26.2,23.3,15.52,2.2,30.6
941,2020-07-30,27.5,23.2,23.59,0.4,30.5
942,2020-07-31,26.5,22.4,17.52,0.8,27.0
943,2020-08-01,26.7,23.1,16.6,3.7,33.0
944,2020-08-02,27.1,23.4,17.87,1.2,32.9
945,2020-08-03,27.3,23.5,19.83,0.0,36.5
946,2020-08-04,27.0,22.9,22.15,0.2,32.8
947,2020-08-05,26.9,23.3,18.44,0.0,37.1
948,2020-08-06,26.3,23.0,17.59,1.9,38.9
949,2020-08-07,26.6,23.4,18.41,0.9,35.6
950,2020-08-08,27.2,22.8,20.11,0.0,29.5
951,2020-08-09,26.4,23.2,15.24,2.9,31.7
952,2020-08-10,26.8,23.2,21.83,0.0,32.0
953,2020-08-11,26.6,23.0,15.87,1.6,28.3
954,2020-08-12,26.9,22.7,18.81,0.8,31.9
955,2020-08-13,25.9,23.5,18.72,3.1,30.0
956,2020-08-14,27.1,23.5,22.94,0.1,27.9
957,2020-08-15,26.6,23.5,19.25,1.5,30.3
958,2020-08-16,27.3,24.3,22.56,0.3,28.3
959,2020-08-17,27.5,23.5,21.56,0.6,32.3
960,2020-08-18,26.9,23.7,21.6,1.2,29.8
961,2020-08-19,27.5,23.7,23.63,0.1,28.1
962,2020-08-20,27.6,23.5,20.3,0.0,26.5
963,2020-08-21,26.6,23.9,18.75,1.7,30.9
964,2020-08-22,27.3,23.1,20.98,0.0,30.5
965,2020-08-23,27.2,24.5,19.86,0.0,29.2
966,2020-08-24,27.0,22.6,21.5,0.0,25.2
967,2020-08-25,27.5,22.4,25.14,0.0,27.9
968,2020-08-26,27.3,23.4,20.31,0.0,32.3
969,2020-08-27,27.0,23.8,22.22,0.0,32.1
970,2020-08-28,27.7,24.0,22.44,0.0,26.6
971,2020-08-29,26.8,24.4,19.77,1.7,31.6
972,2020-08-30,27.5,24.1,22.86,2.4,32.5
973,2020-08-31,26.6,23.4,20.17,3.2,36.7
974,2020-09-01,27.2,23.0,21.94,3.5,32.6
975,2020-09-02,27.1,22.7,21.83,0.2,29.5
976,2020-09-03,26.7,23.0,20.67,0.4,30.8
977,2020-09-04,26.5,24.1,16.03,1.6,32.1
978,2020-09-05,27.3,23.6,23.1,0.3,33.8
979,2020-09-06,27.1,23.8,20.78,0.0,31.3
980,2020-09-07,27.4,23.0,23.05,0.0,27.5
981,2020-09-08,27.3,23.5,24.06,0.0,28.6
982,2020-09-09,25.8,23.7,20.48,1.6,30.7
983,2020-09-10,26.7,24.3,21.44,0.8,32.7
984,2020-09-11,26.8,23.8,18.1,1.6,33.7
985,2020-09-12,27.2,24.0,23.39,0.0,34.6
986,2020-09-13,26.9,23.7,21.79,1.1,31.7
987,2020-09-14,26.4,22.8,21.75,1.8,26.1
988,2020-09-15,27.1,23.7,21.92,1.7,30.0
989,2020-09-16,26.8,23.5,21.39,2.6,30.5
990,2020-09-17,27.4,23.5,21.76,0.0,29.7
991,2020-09-18,27.1,23.8,21.61,0.0,29.5
992,2020-09-19,26.9,25.0,19.77,0.1,26.5
993,2020-09-20,27.3,25.3,23.57,0.0,24.5
994,2020-09-21,27.0,25.2,19.96,0.4,25.2
995,2020-09-22,27.4,24.6,22.91,0.8,27.5
996,2020-09-23,28.0,24.5,23.46,0.0,30.8
997,2020-09-24,27.6,24.4,26.12,0.0,27.8
998,2020-09-25,26.9,23.7,20.0,2.3,27.3
999,2020-09-26,27.4,24.6,22.93,0.6,25.7
1000,2020-09-27,28.4,23.8,23.82,0.0,27.3
1001,2020-09-28,27.1,24.3,20.56,1.6,29.8
1002,2020-09-29,27.6,24.7,22.37,0.6,28.9
1003,2020-09-30,27.8,24.6,22.46,0.3,32.3
1004,2020-10-01,27.8,24.6,23.24,0.8,35.1
1005,2020-10-02,28.2,24.6,23.65,0.3,33.4
1006,2020-10-03,27.6,24.4,21.4,1.3,31.6
1007,2020-10-04,28.1,24.1,24.71,1.5,26.1
1008,2020-10-05,27.2,24.1,19.87,1.0,30.0
1009,2020-10-06,28.0,24.2,25.39,0.6,28.8
1010,2020-10-07,27.3,24.4,22.59,1.1,25.0
1011,2020-10-08,27.5,24.7,21.97,0.0,19.9
1012,2020-10-09,27.7,24.2,23.16,1.0,19.4
1013,2020-10-10,27.9,25.1,24.9,0.2,18.9
1014,2020-10-11,27.6,24.8,24.62,0.0,18.9
1015,2020-10-12,27.8,24.7,24.97,0.0,24.2
1016,2020-10-13,28.2,25.2,24.26,0.0,29.2
1017,2020-10-14,27.9,24.2,23.31,1.3,27.7
1018,2020-10-15,28.1,25.3,21.97,0.1,26.9
1019,2020-10-16,27.9,24.4,23.77,1.3,24.8
1020,2020-10-17,28.1,24.5,20.95,1.4,29.3
1021,2020-10-18,27.6,24.5,21.68,0.3,29.5
1022,2020-10-19,27.7,25.2,23.91,0.1,26.3
1023,2020-10-20,27.8,25.1,23.13,0.0,30.5
1024,2020-10-21,27.5,24.2,21.18,2.9,30.7
1025,2020-10-22,27.2,24.8,21.48,3.7,26.6
1026,2020-10-23,27.4,24.5,23.38,2.0,29.4
1027,2020-10-24,28.5,24.6,23.57,3.2,27.6
1028,2020-10-25,28.1,25.2,23.26,0.8,24.6
1029,2020-10-26,27.8,25.4,21.44,0.4,19.8
1030,2020-10-27,27.8,25.5,22.12,0.0,23.2
1031,2020-10-28,28.0,25.5,22.81,0.0,23.7
1032,2020-10-29,27.9,25.7,23.49,0.9,24.8
1033,2020-10-30,28.3,25.6,24.09,0.3,24.4
1034,2020-10-31,27.6,24.9,24.5,2.2,21.8
1035,2020-11-01,28.0,25.7,21.45,0.3,24.2
1036,2020-11-02,28.1,26.1,23.48,0.0,19.7
1037,2020-11-03,28.3,25.9,25.82,0.1,21.3
1038,2020-11-04,28.3,25.6,24.97,0.6,19.2
1039,2020-11-05,28.2,25.9,23.37,0.6,23.2
1040,2020-11-06,28.5,25.1,23.64,2.4,26.3
1041,2020-11-07,28.7,25.2,23.79,2.2,29.7
1042,2020-11-08,27.7,25.2,22.47,2.5,31.4
1043,2020-11-09,27.1,24.7,21.86,4.2,27.5
1044,2020-11-10,27.6,24.7,19.0,5.4,29.1
1045,2020-11-11,27.9,24.7,22.74,1.4,28.8
1046,2020-11-12,28.4,25.4,23.74,0.0,24.2
1047,2020-11-13,28.1,26.0,20.2,1.1,29.2
1048,2020-11-14,28.6,25.4,23.53,3.1,30.2
1049,2020-11-15,28.2,26.0,22.66,1.5,24.2
1050,2020-11-16,28.3,25.0,24.06,1.7,23.3
1051,2020-11-17,28.5,26.1,22.57,1.0,23.1
1052,2020-11-18,28.6,26.0,23.13,0.2,22.9
1053,2020-11-19,28.5,26.3,23.79,1.8,22.5
1054,2020-11-20,28.1,25.9,23.31,1.2,20.6
1055,2020-11-21,28.0,26.0,22.42,1.1,23.6
1056,2020-11-22,28.5,25.7,23.95,0.0,24.7
1057,2020-11-23,28.4,25.4,20.26,0.3,25.9
1058,2020-11-24,27.5,24.4,22.25,1.8,29.2
1059,2020-11-25,28.0,25.0,21.81,2.5,27.8
1060,2020-11-26,28.8,25.1,23.42,1.2,30.2
1061,2020-11-27,28.6,25.6,23.18,0.6,33.0
1062,2020-11-28,28.3,25.9,23.21,0.3,32.6
1063,2020-11-29,28.1,25.0,20.81,0.8,28.9
1064,2020-11-30,28.1,25.4,22.33,0.0,27.0
1065,2020-12-01,28.4,25.8,23.28,0.5,27.7
1066,2020-12-02,28.3,26.0,23.04,0.3,23.7
1067,2020-12-03,27.6,25.0,20.47,3.0,24.3
1068,2020-12-04,28.8,26.3,24.1,1.0,26.1
1069,2020-12-05,28.4,25.9,23.59,2.4,27.7
1070,2020-12-06,28.7,26.1,22.06,0.5,25.8
1071,2020-12-07,27.6,25.9,21.87,0.9,31.1
1072,2020-12-08,28.2,25.6,21.43,1.5,29.5
1073,2020-12-09,27.9,25.3,22.32,0.8,23.6
1074,2020-12-10,28.5,24.7,22.74,1.3,22.2
1075,2020-12-11,28.9,25.7,25.05,0.0,30.6
1076,2020-12-12,28.5,25.5,22.49,0.6,29.2
1077,2020-12-13,28.7,25.4,22.97,0.5,28.3
1078,2020-12-14,28.9,24.9,24.2,2.0,25.0
1079,2020-12-15,28.4,25.1,21.75,0.8,25.4
1080,2020-12-16,29.0,26.0,25.15,0.0,22.3
1081,2020-12-17,28.6,25.4,21.74,1.1,26.1
1082,2020-12-18,28.3,25.8,23.22,0.9,25.8
1083,2020-12-19,28.4,26.1,23.06,0.1,24.2
1084,2020-12-20,28.0,25.7,22.67,1.6,27.0
1085,2020-12-21,28.2,24.9,22.54,1.3,26.3
1086,2020-12-22,28.4,25.9,23.51,0.0,24.3
1087,2020-12-23,28.4,26.1,21.29,0.0,25.4
1088,2020-12-24,27.8,26.1,21.16,0.8,23.8
1089,2020-12-25,27.8,25.7,18.61,1.4,25.4
1090,2020-12-26,28.2,26.1,21.23,0.1,29.6
1091,2020-12-27,28.6,24.5,22.99,2.8,31.9
1092,2020-12-28,28.3,25.8,21.42,1.0,32.8
1093,2020-12-29,28.7,24.9,22.77,0.0,28.3
1094,2020-12-30,28.4,25.7,22.4,0.5,25.1
1095,2020-12-31,28.6,24.6,22.18,1.4,28.2
1096,2021-01-01,28.9,25.9,24.17,0.1,25.6
1097,2021-01-02,28.8,25.6,21.93,0.0,23.1
1098,2021-01-03,28.3,26.0,22.06,1.8,25.0
1099,2021-01-04,27.9,26.0,21.2,2.7,26.9
1100,2021-01-05,28.8,25.5,25.73,0.9,28.4
1101,2021-01-06,28.9,26.0,24.34,0.0,24.7
1102,2021-01-07,28.7,26.3,23.14,0.0,26.7
1103,2021-01-08,28.5,26.5,22.57,0.2,26.8
1104,2021-01-09,28.5,26.2,24.35,0.1,23.0
1105,2021-01-10,28.2,26.1,21.45,2.0,21.6
1106,2021-01-11,28.2,25.9,22.75,0.4,19.3
1107,2021-01-12,27.9,25.9,19.94,1.4,19.4
1108,2021-01-13,28.3,25.4,22.0,1.2,20.9
1109,2021-01-14,28.5,25.5,22.7,0.7,19.9
1110,2021-01-15,27.5,25.7,23.33,2.0,25.3
1111,2021-01-16,28.6,25.6,26.08,0.1,26.5
1112,2021-01-17,28.3,26.0,21.63,0.1,26.0
1113,2021-01-18,28.4,25.0,21.99,1.2,22.1
1114,2021-01-19,28.2,25.7,21.65,0.7,22.4
1115,2021-01-20,27.7,24.6,20.73,4.2,22.5
1116,2021-01-21,28.3,24.2,22.61,2.5,25.9
1117,2021-01-22,28.9,25.8,23.91,0.5,26.3
1118,2021-01-23,27.4,25.0,21.33,4.5,29.1
1119,2021-01-24,28.1,25.2,21.82,2.8,24.8
1120,2021-01-25,28.3,25.0,20.8,1.7,25.6
1121,2021-01-26,29.0,25.7,24.51,0.0,24.5
1122,2021-01-27,28.4,25.2,23.6,1.0,25.3
1123,2021-01-28,28.9,25.3,21.43,0.8,24.8
1124,2021-01-29,29.2,26.5,23.07,0.3,25.0
1125,2021-01-30,29.1,26.2,25.35,0.8,27.1
1126,2021-01-31,28.9,25.8,23.58,0.4,28.1
1127,2021-02-01,28.8,26.7,22.19,0.0,27.8
1128,2021-02-02,29.1,26.4,19.88,0.5,25.8
1129,2021-02-03,28.9,26.3,23.86,0.3,27.0
1130,2021-02-04,28.3,26.1,22.07,0.2,22.5
1131,2021-02-05,28.8,26.0,24.42,0.0,22.2
1132,2021-02-06,29.0,25.7,25.95,0.0,18.8
1133,2021-02-07,29.2,25.9,23.8,0.9,24.7
1134,2021-02-08,29.1,26.4,24.07,0.0,21.7
1135,2021-02-09,28.9,25.7,24.71,0.6,22.8
1136,2021-02-10,29.0,25.7,22.53,1.8,25.8
1137,2021-02-11,28.8,26.0,23.82,3.0,30.0
1138,2021-02-12,29.1,26.0,22.9,1.9,25.8
1139,2021-02-13,28.6,25.3,23.68,1.1,26.3
1140,2021-02-14,28.7,24.9,22.94,2.1,21.3
1141,2021-02-15,29.1,26.6,22.71,0.1,22.3
1142,2021-02-16,28.4,25.8,21.9,5.6,21.0
1143,2021-02-17,29.0,26.0,23.27,1.1,20.3
1144,2021-02-18,29.1,25.7,25.23,0.0,18.4
1145,2021-02-19,29.2,25.3,26.15,0.1,21.2
1146,2021-02-20,29.2,25.6,24.6,1.8,23.9
1147,2021-02-21,29.3,26.7,24.43,0.8,27.9
1148,2021-02-22,29.1,26.1,25.27,1.2,24.8
1149,2021-02-23,29.4,26.1,23.58,0.6,24.6
1150,2021-02-24,29.2,25.9,23.2,2.5,22.3
1151,2021-02-25,27.7,25.6,19.21,3.2,21.3
1152,2021-02-26,26.7,24.9,17.38,4.5,18.4
1153,2021-02-27,28.0,24.7,23.14,1.3,21.3
1154,2021-02-28,28.3,25.2,22.48,2.5,25.5
1155,2021-03-01,27.2,24.6,20.28,7.5,21.5
1156,2021-03-02,28.8,25.1,23.78,3.8,25.9
1157,2021-03-03,28.5,24.8,22.54,3.6,29.0
1158,2021-03-04,27.2,24.9,19.47,6.7,27.7
1159,2021-03-05,28.8,24.4,21.3,3.5,26.0
1160,2021-03-06,29.2,25.9,24.25,1.2,25.7
1161,2021-03-07,29.1,26.1,23.35,0.1,24.0
1162,2021-03-08,29.1,26.0,23.18,1.1,24.5
1163,2021-03-09,29.3,26.1,25.61,0.0,23.4
1164,2021-03-10,29.1,26.2,23.21,1.1,26.1
1165,2021-03-11,29.1,26.0,24.11,1.1,28.2
1166,2021-03-12,29.4,26.5,26.91,0.0,25.5
1167,2021-03-13,29.0,26.5,22.65,0.4,22.5
1168,2021-03-14,29.1,26.2,24.03,0.0,21.8
1169,2021-03-15,28.4,24.8,23.48,1.5,20.0
1170,2021-03-16,28.2,25.4,22.4,2.2,22.1
1171,2021-03-17,28.2,25.4,22.96,2.6,19.5
1172,2021-03-18,27.7,24.7,20.18,3.4,22.4
1173,2021-03-19,28.2,24.8,22.66,1.8,24.0
1174,2021-03-20,29.1,25.5,23.37,0.4,25.3
1175,2021-03-21,28.6,24.9,24.83,0.1,22.1
1176,2021-03-22,27.3,24.6,19.1,2.0,17.7
1177,2021-03-23,28.8,25.3,23.27,1.2,20.7
1178,2021-03-24,28.3,25.1,21.7,1.8,23.0
1179,2021-03-25,27.9,24.3,22.56,10.0,20.7
1180,2021-03-26,27.5,24.4,20.44,11.8,20.2
1181,2021-03-27,28.0,24.6,20.17,7.9,14.4
1182,2021-03-28,28.6,24.3,19.27,4.5,15.3
1183,2021-03-29,28.5,24.5,22.06,6.4,18.0
1184,2021-03-30,28.7,24.9,22.36,2.2,20.3
1185,2021-03-31,28.8,25.2,22.31,2.8,20.2
1186,2021-04-01,29.2,26.6,22.39,0.1,23.7
1187,2021-04-02,29.4,26.2,25.24,0.0,20.4
1188,2021-04-03,27.9,25.2,20.6,5.5,25.2
1189,2021-04-04,28.7,24.8,23.6,2.2,22.6
1190,2021-04-05,28.1,26.3,21.2,2.0,23.9
1191,2021-04-06,29.0,25.5,23.03,0.9,28.6
1192,2021-04-07,28.6,25.7,21.41,0.8,28.5
1193,2021-04-08,29.1,25.1,22.24,2.8,32.6
1194,2021-04-09,29.5,25.8,22.58,1.1,31.2
1195,2021-04-10,27.7,24.9,21.36,5.3,27.0
1196,2021-04-11,27.7,24.7,19.39,6.3,21.7
1197,2021-04-12,28.5,24.8,19.71,3.5,23.9
1198,2021-04-13,28.1,25.6,20.53,5.3,21.3
1199,2021-04-14,27.7,25.3,19.91,9.3,20.4
1200,2021-04-15,27.4,24.9,19.5,5.3,25.0
1201,2021-04-16,28.9,25.6,21.7,1.1,21.9
1202,2021-04-17,27.6,25.2,18.39,4.1,18.5
1203,2021-04-18,27.8,24.7,18.14,9.2,20.4
1204,2021-04-19,29.1,25.6,22.13,0.9,17.5
1205,2021-04-20,28.9,25.5,21.4,1.0,17.4
1206,2021-04-21,29.3,25.8,22.85,0.0,17.7
1207,2021-04-22,28.5,25.4,20.55,1.7,18.4
1208,2021-04-23,29.4,26.2,22.98,0.6,22.4
1209,2021-04-24,28.1,25.5,20.62,3.3,22.1
1210,2021-04-25,28.9,25.6,20.74,0.4,19.2
1211,2021-04-26,28.6,24.8,20.96,0.7,22.7
1212,2021-04-27,28.9,25.7,20.52,0.3,22.0
1213,2021-04-28,27.6,25.2,19.54,2.9,22.3
1214,2021-04-29,28.0,25.3,19.5,4.6,20.4
1215,2021-04-30,27.7,24.7,20.72,1.7,26.5
1216,2021-05-01,29.1,25.4,22.6,0.4,26.0
1217,2021-05-02,28.4,24.5,16.74,1.2,20.0
1218,2021-05-03,27.7,24.7,19.49,2.5,21.3
1219,2021-05-04,26.5,24.5,16.22,11.4,15.9
1220,2021-05-05,27.6,24.5,15.52,7.1,19.1
1221,2021-05-06,27.7,24.9,18.55,2.0,21.6
1222,2021-05-07,28.2,24.6,19.08,2.7,18.5
1223,2021-05-08,28.2,24.7,20.74,1.6,22.7
1224,2021-05-09,27.9,24.7,19.47,0.4,26.9
1225,2021-05-10,28.4,24.8,19.3,0.1,27.3
1226,2021-05-11,28.0,24.5,18.9,1.0,29.3
1227,2021-05-12,27.2,24.8,15.7,43.8,30.7
1228,2021-05-13,26.0,24.6,2.25,71.6,30.3
1229,2021-05-14,26.6,24.6,12.14,9.5,21.0
1230,2021-05-15,27.5,24.6,17.04,2.3,27.2
1231,2021-05-16,28.7,24.8,20.84,0.0,27.4
1232,2021-05-17,28.6,24.5,20.31,0.8,23.8
1233,2021-05-18,27.3,24.5,18.26,2.1,20.2
1234,2021-05-19,27.7,24.8,19.59,1.4,18.4
1235,2021-05-20,28.6,25.1,20.89,0.0,19.5
1236,2021-05-21,28.2,25.2,20.09,0.0,24.4
1237,2021-05-22,27.9,25.5,19.24,0.0,24.4
1238,2021-05-23,28.4,25.2,17.23,0.0,28.1
1239,2021-05-24,28.6,25.6,21.22,1.0,24.9
1240,2021-05-25,28.7,24.8,22.01,0.0,25.8
1241,2021-05-26,28.0,24.8,18.71,0.6,34.4
1242,2021-05-27,28.0,24.6,18.08,1.2,29.6
1243,2021-05-28,28.3,24.3,18.76,1.5,28.3
1244,2021-05-29,28.0,24.1,19.64,1.8,28.7
1245,2021-05-30,28.1,24.1,19.36,0.7,24.1
1246,2021-05-31,27.4,24.2,18.0,2.8,22.3
1247,2021-06-01,28.1,25.1,18.98,0.0,21.9
1248,2021-06-02,28.2,24.2,20.76,0.0,25.5
1249,2021-06-03,28.4,24.4,20.85,0.0,24.4
1250,2021-06-04,27.3,24.3,17.22,0.6,25.8
1251,2021-06-05,28.2,23.7,17.91,0.0,25.3
1252,2021-06-06,26.7,24.3,11.78,0.3,26.4
1253,2021-06-07,27.2,24.5,13.7,1.9,25.0
1254,2021-06-08,27.8,24.3,17.4,2.3,23.2
1255,2021-06-09,27.2,24.6,16.38,1.2,26.5
1256,2021-06-10,28.0,24.2,18.63,0.0,24.4
1257,2021-06-11,28.3,23.7,20.92,0.0,25.5
1258,2021-06-12,28.4,23.9,21.32,0.0,28.3
1259,2021-06-13,28.2,24.0,21.24,0.0,23.5
1260,2021-06-14,28.0,23.9,17.01,1.2,22.7
1261,2021-06-15,28.3,24.0,18.05,0.3,20.0
1262,2021-06-16,28.3,24.5,19.45,0.0,21.1
1263,2021-06-17,28.2,24.5,16.81,3.2,25.5
1264,2021-06-18,28.1,24.1,18.42,3.4,22.9
1265,2021-06-19,27.0,24.2,16.14,0.9,24.3
1266,2021-06-20,27.4,23.7,17.99,0.0,19.1
1267,2021-06-21,27.4,24.3,17.73,1.5,22.3
1268,2021-06-22,28.3,24.4,20.78,1.1,23.5
1269,2021-06-23,28.0,23.8,19.79,0.5,25.2
1270,2021-06-24,27.6,23.4,18.62,0.0,27.0
1271,2021-06-25,28.1,23.8,18.6,0.0,29.8
1272,2021-06-26,28.6,23.4,21.42,0.0,31.2
1273,2021-06-27,27.4,23.3,16.09,0.1,30.6
1274,2021-06-28,27.8,23.4,18.64,0.0,30.0
1275,2021-06-29,27.6,23.7,15.24,7.6,25.5
1276,2021-06-30,26.2,23.8,13.61,20.0,19.5
1277,2021-07-01,26.4,23.9,11.56,51.6,22.3
1278,2021-07-02,27.2,24.5,17.92,2.1,26.4
1279,2021-07-03,26.9,23.5,17.41,0.7,25.7
1280,2021-07-04,27.2,23.6,16.55,2.2,22.0
1281,2021-07-05,26.4,23.4,15.52,2.1,26.0
1282,2021-07-06,27.4,23.8,15.22,2.5,27.1
1283,2021-07-07,27.9,23.4,19.62,0.0,27.0
1284,2021-07-08,26.1,23.6,14.83,4.6,25.2
1285,2021-07-09,27.7,23.9,18.58,3.6,25.0
1286,2021-07-10,27.8,23.8,18.21,0.4,25.2
1287,2021-07-11,27.4,23.6,18.17,2.1,26.9
1288,2021-07-12,26.6,24.0,16.47,3.8,33.5
1289,2021-07-13,27.0,24.5,15.79,1.8,27.7
1290,2021-07-14,27.1,23.9,14.85,2.4,28.1
1291,2021-07-15,27.4,24.2,17.02,0.4,26.6
1292,2021-07-16,27.0,23.7,16.87,0.1,22.0
1293,2021-07-17,26.5,23.4,18.85,5.4,21.7
1294,2021-07-18,26.7,23.9,7.57,11.5,22.6
1295,2021-07-19,26.8,23.8,15.81,1.3,25.0
1296,2021-07-20,27.3,24.8,19.54,0.0,24.7
1297,2021-07-21,26.7,23.5,18.03,2.2,28.9
1298,2021-07-22,26.9,23.9,18.4,0.7,32.4
1299,2021-07-23,26.8,23.3,18.4,0.0,32.5
1300,2021-07-24,28.0,23.8,20.96,0.0,30.9
1301,2021-07-25,27.1,22.9,17.37,1.7,29.9
1302,2021-07-26,27.0,23.6,16.32,3.5,28.6
1303,2021-07-27,26.9,23.4,18.68,1.6,23.8
1304,2021-07-28,27.3,23.9,19.07,1.1,25.2
1305,2021-07-29,27.8,24.4,21.27,0.0,23.5
1306,2021-07-30,27.7,24.2,18.91,0.1,27.0
1307,2021-07-31,27.4,23.3,18.45,0.9,32.3
1308,2021-08-01,26.7,23.7,17.86,2.0,37.0
1309,2021-08-02,26.7,23.1,16.02,3.0,35.4
1310,2021-08-03,26.4,23.0,16.13,1.7,28.0
1311,2021-08-04,26.8,22.9,18.29,1.2,27.7
1312,2021-08-05,25.8,22.8,13.92,0.9,30.0
1313,2021-08-06,27.5,24.0,16.83,0.3,34.8
1314,2021-08-07,27.4,23.6,19.49,4.4,36.4
1315,2021-08-08,26.8,23.1,16.86,3.9,34.5
1316,2021-08-09,27.7,24.1,16.27,1.3,26.8
1317,2021-08-10,26.6,23.9,17.71,5.5,30.5
1318,2021-08-11,26.3,23.8,16.57,5.2,28.2
1319,2021-08-12,26.5,23.9,16.07,3.9,26.2
1320,2021-08-13,26.4,23.1,18.18,0.2,28.7
1321,2021-08-14,27.8,22.6,24.41,0.0,29.3
1322,2021-08-15,26.9,23.3,19.84,0.0,30.0
1323,2021-08-16,27.4,22.7,23.01,0.0,31.6
1324,2021-08-17,26.7,22.7,19.97,0.0,33.2
1325,2021-08-18,27.4,23.3,22.09,0.3,35.0
1326,2021-08-19,27.2,23.4,18.44,0.7,32.1
1327,2021-08-20,26.0,23.1,18.86,2.3,29.8
1328,2021-08-21,27.2,23.3,21.8,0.0,27.0
1329,2021-08-22,27.7,23.4,21.45,1.4,32.9
1330,2021-08-23,25.5,23.5,16.55,12.0,28.3
1331,2021-08-24,26.5,23.5,20.17,3.8,30.0
1332,2021-08-25,26.8,24.3,19.36,1.0,32.4
1333,2021-08-26,27.3,23.5,18.48,0.8,33.0
1334,2021-08-27,27.5,24.6,20.74,0.7,29.8
1335,2021-08-28,28.0,24.6,22.69,0.3,30.1
1336,2021-08-29,27.1,23.7,20.3,3.0,28.6
1337,2021-08-30,26.6,24.4,20.47,1.6,29.3
1338,2021-08-31,27.5,23.5,23.14,1.0,28.3
1339,2021-09-01,26.9,23.8,20.85,0.7,31.6
1340,2021-09-02,27.4,23.3,22.66,0.0,32.6
1341,2021-09-03,27.1,23.9,18.31,1.4,26.6
1342,2021-09-04,27.6,24.9,21.7,1.1,26.5
1343,2021-09-05,27.5,24.2,20.59,0.9,26.0
1344,2021-09-06,27.6,24.7,21.12,0.0,30.1
1345,2021-09-07,27.5,24.3,21.02,0.1,28.0
1346,2021-09-08,28.3,24.3,23.68,1.0,29.1
1347,2021-09-09,27.9,23.6,22.78,0.0,25.3
1348,2021-09-10,28.3,23.9,22.05,0.0,27.8
1349,2021-09-11,27.7,24.5,23.3,0.0,33.0
1350,2021-09-12,28.0,24.3,19.74,0.9,30.3
1351,2021-09-13,27.5,23.8,21.31,3.0,29.3
1352,2021-09-14,27.8,24.5,21.77,1.4,29.5
1353,2021-09-15,27.2,24.5,19.55,4.6,27.5
1354,2021-09-16,27.6,24.2,20.91,1.7,31.4
1355,2021-09-17,28.3,24.1,23.86,1.2,32.3
1356,2021-09-18,27.9,24.5,25.37,0.2,33.0
1357,2021-09-19,27.9,24.4,23.98,0.0,27.3
1358,2021-09-20,27.8,25.0,23.27,0.0,26.9
1359,2021-09-21,28.5,24.8,26.64,0.0,24.7
1360,2021-09-22,28.1,25.4,24.36,0.0,18.8
1361,2021-09-23,28.4,25.3,22.72,0.0,26.9
1362,2021-09-24,27.7,25.1,22.87,0.5,29.3
1363,2021-09-25,27.8,24.1,22.02,3.0,31.2
1364,2021-09-26,27.7,24.4,22.68,3.3,33.9
1365,2021-09-27,27.4,24.0,20.39,5.3,32.6
1366,2021-09-28,27.5,24.3,18.88,4.1,31.1
1367,2021-09-29,28.2,24.0,23.01,1.7,27.8
1368,2021-09-30,28.2,24.5,22.8,0.6,24.3
1369,2021-10-01,28.1,25.5,25.24,0.6,24.7
1370,2021-10-02,28.2,25.4,20.2,3.0,26.7
1371,2021-10-03,28.2,25.7,24.29,0.3,31.7
1372,2021-10-04,28.4,25.8,22.92,0.2,30.4
1373,2021-10-05,28.1,24.9,22.44,0.3,26.1
1374,2021-10-06,28.6,25.5,23.58,0.8,26.5
1375,2021-10-07,28.0,24.5,22.34,1.0,26.2
1376,2021-10-08,28.2,25.3,19.35,2.4,24.7
1377,2021-10-09,28.3,25.8,24.01,1.1,27.5
1378,2021-10-10,28.0,24.6,21.06,1.2,22.6
1379,2021-10-11,28.5,25.1,25.98,1.5,21.5
1380,2021-10-12,28.2,25.8,22.85,0.0,26.3
1381,2021-10-13,28.6,25.6,24.28,0.3,26.6
1382,2021-10-14,27.6,24.8,22.31,2.7,27.2
1383,2021-10-15,28.2,25.3,23.12,1.4,32.1
1384,2021-10-16,29.1,25.4,25.61,1.8,29.1
1385,2021-10-17,28.7,24.9,23.15,0.9,31.0
1386,2021-10-18,28.4,25.8,25.08,0.1,24.8
1387,2021-10-19,29.0,25.4,26.18,0.0,22.6
1388,2021-10-20,28.4,26.1,25.05,0.5,22.8
1389,2021-10-21,28.7,26.1,24.49,0.1,20.1
1390,2021-10-22,28.5,26.1,22.72,1.8,20.9
1391,2021-10-23,28.6,26.0,22.09,1.9,21.8
1392,2021-10-24,28.2,26.4,23.82,0.5,25.3
1393,2021-10-25,28.4,26.1,21.24,2.3,29.8
1394,2021-10-26,28.3,25.1,21.86,1.7,29.3
1395,2021-10-27,28.1,24.6,21.41,1.5,29.4
1396,2021-10-28,28.9,24.4,25.87,1.2,28.2
1397,2021-10-29,28.2,24.3,25.26,0.4,27.5
1398,2021-10-30,27.9,24.8,21.17,1.1,28.7
1399,2021-10-31,27.7,25.1,20.88,2.2,26.7
1400,2021-11-01,28.1,25.8,22.08,2.9,26.3
1401,2021-11-02,28.6,26.3,25.26,0.5,22.6
1402,2021-11-03,28.8,25.8,25.76,1.0,21.8
1403,2021-11-04,28.9,26.5,25.5,0.1,20.3
1404,2021-11-05,29.0,26.2,24.52,0.4,18.0
1405,2021-11-06,28.7,25.7,25.11,1.8,20.7
1406,2021-11-07,28.9,26.0,21.99,1.9,22.4
1407,2021-11-08,28.8,26.3,23.76,0.3,24.3
1408,2021-11-09,28.8,26.3,24.68,0.7,25.4
1409,2021-11-10,28.3,24.3,22.58,1.9,25.8
1410,2021-11-11,28.2,24.7,22.51,2.4,26.0
1411,2021-11-12,29.5,26.2,22.56,0.2,22.6
1412,2021-11-13,28.6,26.0,23.0,0.9,26.0
1413,2021-11-14,28.9,26.1,25.16,1.0,24.9
1414,2021-11-15,28.7,25.4,23.64,1.3,27.1
1415,2021-11-16,29.2,26.8,24.08,0.3,28.7
1416,2021-11-17,27.3,25.7,20.36,2.6,32.1
1417,2021-11-18,29.1,26.1,23.91,0.6,29.0
1418,2021-11-19,29.0,26.1,23.7,2.1,28.6
1419,2021-11-20,28.5,26.4,22.7,0.3,24.7
1420,2021-11-21,29.1,26.0,25.64,0.5,23.0
1421,2021-11-22,28.8,26.5,24.27,0.2,28.2
1422,2021-11-23,28.9,26.4,24.07,0.9,24.9
1423,2021-11-24,29.0,26.4,24.3,0.5,24.9
1424,2021-11-25,29.0,26.2,24.4,1.4,22.6
1425,2021-11-26,29.1,26.5,25.14,0.9,24.4
1426,2021-11-27,28.9,26.4,25.45,0.9,21.5
1427,2021-11-28,29.0,26.3,23.81,0.6,21.3
1428,2021-11-29,28.9,26.1,22.8,0.8,24.2
1429,2021-11-30,29.2,26.8,22.6,0.2,22.9
1430,2021-12-01,28.9,26.5,22.68,1.5,24.4
1431,2021-12-02,29.6,26.8,24.07,0.0,23.1
1432,2021-12-03,29.5,26.7,21.84,1.0,24.0
1433,2021-12-04,29.6,26.9,23.59,1.4,25.3
1434,2021-12-05,29.4,26.5,21.74,1.5,29.3
1435,2021-12-06,28.5,24.8,21.78,3.9,30.5
1436,2021-12-07,28.6,26.3,21.51,0.7,26.7
1437,2021-12-08,29.0,25.5,22.54,1.9,26.0
1438,2021-12-09,29.2,26.9,23.52,0.8,25.6
1439,2021-12-10,29.1,26.6,22.99,1.9,24.1
1440,2021-12-11,28.8,26.1,22.77,1.8,26.3
1441,2021-12-12,29.0,26.5,23.96,0.8,25.4
1442,2021-12-13,28.6,25.9,21.11,2.6,25.3
1443,2021-12-14,28.5,25.9,21.99,2.3,26.8
1444,2021-12-15,29.0,26.2,21.15,0.4,24.6
1445,2021-12-16,28.7,25.8,22.01,2.5,27.3
1446,2021-12-17,28.8,25.7,23.06,2.7,29.3
1447,2021-12-18,28.9,26.5,23.63,0.8,27.7
1448,2021-12-19,28.8,26.4,23.85,0.2,22.1
1449,2021-12-20,29.2,26.5,24.64,0.7,24.5
1450,2021-12-21,28.2,25.7,20.41,2.9,20.4
1451,2021-12-22,28.4,26.5,21.48,1.7,23.9
1452,2021-12-23,28.6,26.0,21.73,2.5,21.3
1453,2021-12-24,29.3,25.9,23.78,0.6,17.6
1454,2021-12-25,28.2,27.0,19.67,1.1,20.7
1455,2021-12-26,28.1,25.8,13.16,10.3,17.9
1456,2021-12-27,28.5,25.5,17.61,3.0,22.0
1457,2021-12-28,28.1,26.5,13.5,2.8,25.0
1458,2021-12-29,28.8,25.5,22.33,3.0,24.8
1459,2021-12-30,29.4,26.6,21.87,0.0,22.2
1460,2021-12-31,28.6,25.5,21.45,1.1,23.9
1461,2022-01-01,28.6,25.5,22.27,2.5,23.6
1462,2022-01-02,29.2,26.5,22.53,2.0,23.9
1463,2022-01-03,28.1,25.6,22.88,3.8,22.4
1464,2022-01-04,28.7,25.8,21.73,2.4,25.0
1465,2022-01-05,28.2,24.9,22.41,3.6,21.4
1466,2022-01-06,28.3,25.7,22.8,2.2,22.4
1467,2022-01-07,28.9,26.3,24.12,0.8,21.3
1468,2022-01-08,28.8,26.5,22.48,2.3,22.4
1469,2022-01-09,28.8,24.9,24.19,1.7,23.3
1470,2022-01-10,29.2,25.3,23.72,2.5,24.2
1471,2022-01-11,27.5,25.6,18.85,6.1,21.0
1472,2022-01-12,28.2,24.3,22.31,7.6,15.5
1473,2022-01-13,28.4,25.1,21.26,2.8,20.8
1474,2022-01-14,28.2,24.5,23.12,5.5,23.7
1475,2022-01-15,27.4,24.5,20.36,7.4,17.7
1476,2022-01-16,28.2,24.4,22.31,1.8,20.7
1477,2022-01-17,29.2,26.1,23.89,1.5,27.2
1478,2022-01-18,29.0,25.6,23.61,2.8,24.8
1479,2022-01-19,29.3,25.9,23.91,0.8,23.2
1480,2022-01-20,29.4,26.4,26.16,0.0,20.5
1481,2022-01-21,28.8,26.1,23.26,0.0,19.5
1482,2022-01-22,29.1,26.0,24.58,0.0,20.0
1483,2022-01-23,29.2,26.0,25.32,0.3,18.4
1484,2022-01-24,28.9,25.7,23.07,1.4,21.0
1485,2022-01-25,28.8,26.2,21.91,0.7,22.0
1486,2022-01-26,29.6,25.5,24.92,4.0,24.5
1487,2022-01-27,26.5,24.7,16.64,17.6,18.4
1488,2022-01-28,26.6,23.9,10.66,87.1,14.3
1489,2022-01-29,28.2,23.7,18.15,37.4,19.4
1490,2022-01-30,29.2,25.5,23.2,2.8,24.2
1491,2022-01-31,28.9,26.2,23.84,1.4,25.8
1492,2022-02-01,28.4,25.8,22.83,2.4,23.9
1493,2022-02-02,28.6,25.3,23.71,2.5,17.7
1494,2022-02-03,28.5,26.1,23.31,2.8,24.6
1495,2022-02-04,28.6,26.3,22.43,1.8,24.8
1496,2022-02-05,28.9,26.1,25.19,0.6,20.4
1497,2022-02-06,28.8,25.8,26.61,0.0,18.4
1498,2022-02-07,28.9,26.0,23.58,0.2,21.4
1499,2022-02-08,28.7,25.9,24.49,0.4,21.1
1500,2022-02-09,28.6,26.1,22.87,0.2,19.4
1501,2022-02-10,28.9,25.9,26.71,0.0,19.1
1502,2022-02-11,28.1,25.5,21.46,3.0,24.4
1503,2022-02-12,27.9,25.3,18.2,3.3,17.2
1504,2022-02-13,28.6,26.1,23.89,1.7,20.7
1505,2022-02-14,28.8,26.6,22.43,2.4,26.6
1506,2022-02-15,28.9,26.5,23.88,1.1,21.3
1507,2022-02-16,29.0,25.9,25.86,0.0,17.3
1508,2022-02-17,28.7,25.5,23.72,0.1,17.7
1509,2022-02-18,27.5,25.2,20.65,4.7,18.6
1510,2022-02-19,27.9,24.7,20.62,6.8,21.7
1511,2022-02-20,28.2,24.9,19.87,9.6,23.4
1512,2022-02-21,29.1,26.2,25.34,1.6,23.2
1513,2022-02-22,29.1,26.6,24.98,0.7,21.1
1514,2022-02-23,28.0,25.3,22.46,3.5,22.0
1515,2022-02-24,29.0,26.7,24.48,2.8,26.5
1516,2022-02-25,29.2,26.6,23.28,1.6,27.2
1517,2022-02-26,29.1,26.6,23.62,0.4,24.2
1518,2022-02-27,29.2,26.2,23.36,1.5,24.2
1519,2022-02-28,29.1,26.6,23.33,1.4,25.2
1520,2022-03-01,28.6,26.2,22.01,4.4,29.8
1521,2022-03-02,29.4,25.0,22.67,1.9,22.0
1522,2022-03-03,29.5,25.8,24.05,1.1,21.6
1523,2022-03-04,28.8,25.4,21.19,4.3,20.5
1524,2022-03-05,27.5,24.9,17.4,8.7,20.9
1525,2022-03-06,27.3,24.9,15.27,8.9,28.6
1526,2022-03-07,28.7,25.6,21.99,2.1,26.5
1527,2022-03-08,29.3,25.6,24.19,1.3,24.2
1528,2022-03-09,29.2,25.5,21.41,3.1,25.1
1529,2022-03-10,29.1,25.7,22.24,3.1,26.2
1530,2022-03-11,29.2,25.3,22.92,2.6,22.6
1531,2022-03-12,27.7,25.0,19.65,5.7,17.0
1532,2022-03-13,28.0,25.2,14.29,4.1,16.3
1533,2022-03-14,28.2,25.9,21.73,11.2,18.5
1534,2022-03-15,28.4,25.1,22.46,7.4,20.7
1535,2022-03-16,27.4,25.1,17.19,22.5,17.0
1536,2022-03-17,28.2,24.9,20.71,4.6,21.8
1537,2022-03-18,28.0,25.3,21.45,5.9,24.8
1538,2022-03-19,27.3,25.6,15.03,6.7,17.8
1539,2022-03-20,27.9,25.5,18.29,8.8,17.6
1540,2022-03-21,27.4,25.1,17.79,12.5,19.3
1541,2022-03-22,27.6,24.4,15.85,20.3,19.0
1542,2022-03-23,28.7,24.8,22.22,3.6,22.4
1543,2022-03-24,27.8,25.3,22.71,4.1,18.8
1544,2022-03-25,28.2,24.9,18.1,9.0,22.9
1545,2022-03-26,27.2,25.4,12.27,8.0,17.1
1546,2022-03-27,27.4,25.2,16.92,9.6,20.6
1547,2022-03-28,28.5,24.9,21.16,4.9,23.5
1548,2022-03-29,29.1,26.4,21.04,2.4,24.9
1549,2022-03-30,29.5,26.1,23.26,1.3,24.6
1550,2022-03-31,29.3,26.8,16.6,2.4,22.5
1551,2022-04-01,27.8,25.5,16.46,5.5,22.7
1552,2022-04-02,27.4,25.0,18.28,9.8,17.9
1553,2022-04-03,27.2,24.9,17.12,17.4,24.5
1554,2022-04-04,28.6,25.0,23.14,2.5,27.0
1555,2022-04-05,28.3,24.9,19.82,5.4,23.1
1556,2022-04-06,27.8,24.9,19.14,6.0,18.4
1557,2022-04-07,29.0,25.1,22.24,1.9,22.7
1558,2022-04-08,27.6,25.5,17.19,7.3,19.8
1559,2022-04-09,29.6,26.4,22.72,1.8,25.7
1560,2022-04-10,28.6,25.4,22.8,2.8,21.2
1561,2022-04-11,28.6,25.3,20.32,0.9,20.9
1562,2022-04-12,29.4,25.7,20.06,0.0,21.2
1563,2022-04-13,29.0,26.2,20.71,0.2,19.4
1564,2022-04-14,27.5,25.3,19.34,3.2,17.7
1565,2022-04-15,28.5,25.8,19.1,5.3,15.8
1566,2022-04-16,28.2,25.6,18.29,19.6,17.9
1567,2022-04-17,27.9,25.2,17.48,21.2,18.8
1568,2022-04-18,28.3,25.0,19.29,7.1,18.6
1569,2022-04-19,29.1,25.3,21.49,1.4,20.9
1570,2022-04-20,28.8,25.2,21.65,1.1,22.7
1571,2022-04-21,28.2,25.3,19.08,6.0,21.4
1572,2022-04-22,28.2,24.9,19.88,15.0,22.2
1573,2022-04-23,26.9,24.7,16.41,16.7,21.9
1574,2022-04-24,27.2,24.8,15.26,7.7,21.9
1575,2022-04-25,28.8,24.9,19.9,6.6,26.6
1576,2022-04-26,28.6,24.7,20.55,4.2,27.3
1577,2022-04-27,28.2,25.4,18.95,4.0,22.9
1578,2022-04-28,28.6,25.0,17.06,7.2,27.2
1579,2022-04-29,28.2,25.0,13.04,3.8,23.9
1580,2022-04-30,28.5,25.2,13.23,0.3,26.6
1581,2022-05-01,28.6,25.8,17.08,1.4,28.0
1582,2022-05-02,27.9,25.3,17.97,8.2,24.6
1583,2022-05-03,28.7,25.6,19.26,4.3,26.2
1584,2022-05-04,27.6,25.4,17.06,12.9,25.2
1585,2022-05-05,26.8,25.0,11.62,19.3,23.7
1586,2022-05-06,26.8,24.9,13.38,10.0,23.6
1587,2022-05-07,27.4,24.9,15.58,4.5,23.4
1588,2022-05-08,28.4,24.7,15.48,1.0,27.6
1589,2022-05-09,28.0,25.1,16.29,0.9,26.8
1590,2022-05-10,27.3,24.8,7.66,4.0,18.8
1591,2022-05-11,26.8,24.9,11.62,18.9,21.2
1592,2022-05-12,27.8,24.7,13.22,12.5,24.4
1593,2022-05-13,26.5,25.0,12.81,25.2,21.5
1594,2022-05-14,27.9,25.1,18.96,4.6,26.0
1595,2022-05-15,27.5,24.8,19.81,4.3,19.9
1596,2022-05-16,28.4,25.0,18.09,2.3,26.0
1597,2022-05-17,28.7,26.2,20.24,2.2,24.6
1598,2022-05-18,28.9,26.1,19.34,0.8,20.9
1599,2022-05-19,29.1,25.2,20.72,0.6,15.3
1600,2022-05-20,28.7,25.4,19.92,3.5,17.6
1601,2022-05-21,28.1,25.0,20.4,2.1,23.2
1602,2022-05-22,27.1,25.0,18.01,4.8,28.2
1603,2022-05-23,26.4,24.5,13.27,10.6,24.5
1604,2022-05-24,26.5,24.1,17.91,11.3,21.7
1605,2022-05-25,26.4,24.0,13.25,9.0,20.9
1606,2022-05-26,28.3,24.4,16.47,4.1,28.8
1607,2022-05-27,26.6,24.8,8.69,31.7,27.0
1608,2022-05-28,28.1,24.3,15.05,29.4,20.5
1609,2022-05-29,27.4,23.8,14.18,6.7,19.5
1610,2022-05-30,28.4,24.5,18.25,3.6,26.8
1611,2022-05-31,26.7,24.5,13.41,11.5,17.9
1612,2022-06-01,26.4,24.5,13.99,6.7,18.5
1613,2022-06-02,26.0,24.4,9.39,14.8,18.0
1614,2022-06-03,27.0,24.4,15.43,9.7,15.3
1615,2022-06-04,26.5,24.6,14.89,6.7,15.1
1616,2022-06-05,26.7,23.9,11.87,8.0,21.5
1617,2022-06-06,27.1,24.3,16.28,2.4,26.6
1618,2022-06-07,27.5,23.7,17.91,2.5,20.2
1619,2022-06-08,27.5,24.1,18.01,3.7,21.2
1620,2022-06-09,26.4,24.2,13.63,9.7,20.9
1621,2022-06-10,27.6,24.2,17.5,3.0,21.3
1622,2022-06-11,26.8,23.8,15.55,4.5,17.3
1623,2022-06-12,27.7,23.9,19.29,1.4,20.4
1624,2022-06-13,28.1,24.3,20.46,0.2,22.8
1625,2022-06-14,27.7,24.5,19.97,1.4,22.2
1626,2022-06-15,27.9,24.0,19.98,1.1,22.9
1627,2022-06-16,27.7,23.1,18.22,1.7,19.6
1628,2022-06-17,27.4,23.5,16.32,0.5,22.4
1629,2022-06-18,27.8,23.7,21.49,0.6,19.1
1630,2022-06-19,27.8,24.4,17.31,2.9,26.7
1631,2022-06-20,25.6,24.1,14.52,10.9,21.7
1632,2022-06-21,27.6,24.9,17.0,2.5,31.8
1633,2022-06-22,25.5,23.9,7.69,9.7,24.0
1634,2022-06-23,27.4,23.8,16.82,3.6,26.5
1635,2022-06-24,26.6,23.9,16.45,5.3,30.0
1636,2022-06-25,27.5,23.7,19.21,1.0,27.4
1637,2022-06-26,27.8,23.4,19.49,0.2,23.9
1638,2022-06-27,27.5,23.8,16.8,0.6,33.1
1639,2022-06-28,26.6,23.9,15.23,6.7,30.6
1640,2022-06-29,25.1,23.8,6.94,30.3,25.3
1641,2022-06-30,27.8,23.4,17.06,0.9,25.9
1642,2022-07-01,27.8,23.7,16.57,6.3,22.1
1643,2022-07-02,26.3,24.1,16.67,6.9,28.2
1644,2022-07-03,25.0,23.9,5.8,40.3,33.2
1645,2022-07-04,26.7,24.1,9.85,45.1,26.6
1646,2022-07-05,27.5,24.0,18.64,6.3,30.3
1647,2022-07-06,26.8,24.6,16.17,11.4,32.3
1648,2022-07-07,25.7,23.9,15.43,11.4,26.0
1649,2022-07-08,25.6,23.6,16.99,7.3,29.0
1650,2022-07-09,27.5,23.9,19.72,0.8,31.5
1651,2022-07-10,26.5,24.1,17.2,2.4,34.6
1652,2022-07-11,26.1,23.9,15.67,3.9,31.5
1653,2022-07-12,27.6,24.4,18.37,1.6,25.7
1654,2022-07-13,26.6,23.7,17.2,3.1,27.5
1655,2022-07-14,26.0,23.7,16.02,6.6,27.8
1656,2022-07-15,26.1,23.4,15.15,3.0,31.1
1657,2022-07-16,26.0,23.5,14.44,3.8,30.7
1658,2022-07-17,25.9,23.7,15.77,6.9,30.1
1659,2022-07-18,27.3,23.8,19.31,2.1,29.2
1660,2022-07-19,26.8,23.5,13.8,4.4,31.7
1661,2022-07-20,27.7,23.0,17.27,1.6,32.8
1662,2022-07-21,25.9,23.1,15.89,6.5,22.6
1663,2022-07-22,25.7,23.0,15.83,5.7,24.8
1664,2022-07-23,26.7,23.5,16.92,2.8,33.0
1665,2022-07-24,25.8,23.7,15.54,5.3,33.3
1666,2022-07-25,27.0,23.1,18.7,0.0,33.7
1667,2022-07-26,27.1,22.5,22.29,0.2,28.8
1668,2022-07-27,26.3,22.9,17.29,1.3,25.6
1669,2022-07-28,27.5,22.7,21.38,0.0,27.5
1670,2022-07-29,26.8,23.4,16.77,4.5,24.5
1671,2022-07-30,25.9,23.9,2.8,97.5,27.2
1672,2022-07-31,25.9,23.7,9.46,10.9,23.8
1673,2022-08-01,27.2,24.3,18.91,0.9,28.8
1674,2022-08-02,26.3,23.6,12.3,3.2,23.7
1675,2022-08-03,26.4,23.5,16.1,4.7,15.7
1676,2022-08-04,26.3,23.5,19.3,4.3,25.7
1677,2022-08-05,27.1,23.7,17.07,1.5,27.5
1678,2022-08-06,26.7,22.9,18.38,2.8,31.1
1679,2022-08-07,26.7,23.2,19.45,3.4,26.2
1680,2022-08-08,26.8,23.4,20.2,0.2,31.3
1681,2022-08-09,26.9,23.8,20.69,1.0,27.8
1682,2022-08-10,27.4,23.1,22.16,0.2,24.3
1683,2022-08-11,27.2,23.2,18.25,1.5,22.9
1684,2022-08-12,27.7,24.3,20.79,0.7,25.0
1685,2022-08-13,27.5,24.3,21.99,1.9,30.7
1686,2022-08-14,26.1,23.1,20.33,0.8,32.0
1687,2022-08-15,27.6,22.9,24.85,0.0,32.8
1688,2022-08-16,27.3,23.3,23.32,0.0,31.8
1689,2022-08-17,26.6,24.1,18.17,1.0,33.5
1690,2022-08-18,26.8,23.7,18.86,0.5,36.0
1691,2022-08-19,26.9,22.8,20.76,0.0,32.2
1692,2022-08-20,27.0,22.6,23.01,0.0,34.1
1693,2022-08-21,27.1,22.1,21.32,0.0,29.5
1694,2022-08-22,26.2,22.9,18.04,1.2,33.3
1695,2022-08-23,24.9,23.6,11.23,9.3,27.9
1696,2022-08-24,26.5,23.3,16.3,3.7,32.0
1697,2022-08-25,26.8,22.2,20.42,0.7,33.0
1698,2022-08-26,26.4,22.5,18.36,0.3,31.5
1699,2022-08-27,25.9,22.9,19.53,1.4,29.9
1700,2022-08-28,27.4,23.3,22.96,0.2,27.5
1701,2022-08-29,27.2,22.9,23.08,0.1,29.3
1702,2022-08-30,27.5,23.0,22.95,0.0,35.5
1703,2022-08-31,27.2,22.6,20.88,0.0,33.1
1704,2022-09-01,26.6,22.4,19.21,0.2,30.9
1705,2022-09-02,26.3,22.7,18.53,3.0,30.6
1706,2022-09-03,26.7,23.1,13.2,3.2,29.7
1707,2022-09-04,25.5,23.6,13.51,7.1,26.0
1708,2022-09-05,26.0,23.3,19.13,8.3,33.7
1709,2022-09-06,27.2,23.1,22.85,2.0,31.5
1710,2022-09-07,27.0,22.9,20.83,0.8,32.8
1711,2022-09-08,26.8,23.0,21.43,0.0,30.1
1712,2022-09-09,27.2,23.4,26.05,0.0,25.2
1713,2022-09-10,27.0,23.1,21.41,0.1,25.5
1714,2022-09-11,26.8,23.7,22.0,0.3,25.6
1715,2022-09-12,27.2,24.4,23.26,0.0,28.0
1716,2022-09-13,26.7,23.2,19.47,1.9,27.1
1717,2022-09-14,27.0,23.7,19.56,1.9,25.8
1718,2022-09-15,27.6,24.9,23.57,0.2,24.1
1719,2022-09-16,27.1,24.3,22.89,0.3,24.0
1720,2022-09-17,27.2,23.4,21.45,0.1,24.9
1721,2022-09-18,26.8,23.5,20.02,4.7,27.5
1722,2022-09-19,28.0,24.0,26.21,0.7,28.8
1723,2022-09-20,27.3,23.4,20.05,2.1,27.3
1724,2022-09-21,27.3,24.2,21.64,1.0,25.1
1725,2022-09-22,27.8,25.1,23.99,1.0,22.4
1726,2022-09-23,27.8,24.9,21.7,0.0,24.0
1727,2022-09-24,27.4,25.3,25.14,0.0,24.5
1728,2022-09-25,27.6,23.4,23.28,1.4,24.8
1729,2022-09-26,27.0,24.1,21.51,2.6,30.1
1730,2022-09-27,27.6,23.8,24.9,0.5,30.1
1731,2022-09-28,27.7,24.3,24.53,0.0,26.6
1732,2022-09-29,28.0,25.0,23.48,0.0,24.2
1733,2022-09-30,28.0,25.1,24.97,0.0,28.6
1734,2022-10-01,27.3,23.8,21.58,0.9,30.6
1735,2022-10-02,27.5,23.8,25.12,0.4,25.3
1736,2022-10-03,27.8,24.3,23.69,0.4,28.3
1737,2022-10-04,27.8,24.7,24.67,0.1,26.6
1738,2022-10-05,27.7,25.0,19.92,1.4,28.4
1739,2022-10-06,28.2,24.4,23.78,2.5,21.9
1740,2022-10-07,27.6,24.4,22.6,2.3,25.8
1741,2022-10-08,27.6,24.5,19.45,1.4,28.3
1742,2022-10-09,27.3,24.8,20.49,3.6,29.7
1743,2022-10-10,26.7,24.3,19.7,5.8,31.1
1744,2022-10-11,28.3,24.9,24.16,1.2,35.2
1745,2022-10-12,27.9,24.4,21.92,0.7,31.7
1746,2022-10-13,27.8,24.1,21.38,1.6,30.1
1747,2022-10-14,28.1,24.1,25.2,1.1,27.7
1748,2022-10-15,27.7,24.2,21.72,0.5,31.6
1749,2022-10-16,27.9,24.0,22.26,1.2,32.0
1750,2022-10-17,27.5,24.3,23.09,2.0,30.6
1751,2022-10-18,27.5,25.3,23.69,1.3,29.8
1752,2022-10-19,27.4,25.0,23.29,1.1,31.1
1753,2022-10-20,28.0,24.7,24.05,0.9,30.4
1754,2022-10-21,27.8,25.1,24.18,0.3,29.4
1755,2022-10-22,27.7,25.7,20.96,0.5,24.4
1756,2022-10-23,28.0,25.5,21.93,1.0,23.1
1757,2022-10-24,27.6,25.9,21.15,1.8,25.0
1758,2022-10-25,27.0,25.6,22.83,1.8,26.3
1759,2022-10-26,27.8,25.2,24.27,0.3,21.4
1760,2022-10-27,28.3,25.4,24.33,0.6,25.8
1761,2022-10-28,28.4,25.5,24.56,1.7,29.5
1762,2022-10-29,28.0,25.7,23.67,1.4,32.0
1763,2022-10-30,27.9,25.6,23.39,1.1,28.0
1764,2022-10-31,28.6,25.2,26.38,0.0,22.5
1765,2022-11-01,28.0,25.6,26.42,0.0,21.3
1766,2022-11-02,28.0,25.2,21.46,0.1,24.0
1767,2022-11-03,28.0,25.4,24.3,0.0,22.4
1768,2022-11-04,28.3,25.6,22.31,1.3,20.5
1769,2022-11-05,28.2,25.2,22.56,0.5,22.0
1770,2022-11-06,27.6,24.7,22.12,1.9,25.9
1771,2022-11-07,28.2,25.3,23.66,0.3,20.6
1772,2022-11-08,27.7,24.9,23.36,0.6,20.4
1773,2022-11-09,28.1,24.8,24.11,0.9,22.3
1774,2022-11-10,28.2,25.5,24.56,0.0,23.4
1775,2022-11-11,28.4,25.8,23.0,0.0,21.6
1776,2022-11-12,27.6,25.0,18.69,3.0,21.4
1777,2022-11-13,27.3,24.6,21.05,3.6,22.4
1778,2022-11-14,28.0,25.2,22.67,2.7,23.1
1779,2022-11-15,27.3,24.9,23.22,3.8,22.5
1780,2022-11-16,28.2,25.4,23.34,0.4,24.3
1781,2022-11-17,28.2,25.8,25.25,0.0,24.0
1782,2022-11-18,28.0,24.9,24.29,1.3,21.6
1783,2022-11-19,27.6,25.4,22.43,3.6,23.8
1784,2022-11-20,27.8,25.1,22.05,2.2,26.9
1785,2022-11-21,27.5,24.7,22.68,2.4,26.7
1786,2022-11-22,28.0,25.0,22.18,0.1,26.4
1787,2022-11-23,28.5,25.7,24.64,0.0,25.9
1788,2022-11-24,28.4,25.1,23.75,0.4,21.3
1789,2022-11-25,28.5,25.4,24.85,1.2,21.7
1790,2022-11-26,28.5,25.5,23.03,2.5,23.5
1791,2022-11-27,28.0,25.6,20.97,1.1,21.7
1792,2022-11-28,27.8,25.3,22.05,3.1,21.7
1793,2022-11-29,28.1,24.9,20.95,1.6,20.7
1794,2022-11-30,28.0,25.3,18.3,0.9,20.9
1795,2022-12-01,27.6,25.7,18.01,2.1,23.9
1796,2022-12-02,28.2,25.0,23.5,1.2,25.2
1797,2022-12-03,28.3,24.3,24.92,2.2,28.1
1798,2022-12-04,27.4,24.1,22.23,1.7,25.0
1799,2022-12-05,28.0,25.3,21.64,1.2,24.9
1800,2022-12-06,28.4,25.7,24.31,0.1,22.5
1801,2022-12-07,28.3,25.2,23.84,1.4,28.4
1802,2022-12-08,28.6,25.0,25.0,1.7,22.6
1803,2022-12-09,28.6,25.8,23.86,1.2,21.5
1804,2022-12-10,28.5,25.7,24.51,1.1,21.2
1805,2022-12-11,28.6,24.6,21.85,2.6,22.0
1806,2022-12-12,28.2,25.3,22.86,2.7,19.7
1807,2022-12-13,28.5,25.3,24.61,0.1,20.6
1808,2022-12-14,28.7,25.8,24.13,1.1,20.2
1809,2022-12-15,28.5,25.9,24.72,0.9,21.3
1810,2022-12-16,28.4,25.8,23.43,1.5,25.2
1811,2022-12-17,28.3,25.4,22.97,0.0,21.7
1812,2022-12-18,28.5,25.5,22.65,1.1,22.5
1813,2022-12-19,28.5,25.5,25.24,0.0,21.1
1814,2022-12-20,28.5,25.6,24.0,0.6,21.6
1815,2022-12-21,28.5,25.7,22.17,1.5,20.5
1816,2022-12-22,28.0,25.9,20.28,1.5,19.2
1817,2022-12-23,28.5,25.2,22.37,1.5,20.3
1818,2022-12-24,27.4,25.7,19.93,3.1,18.3
1819,2022-12-25,27.5,24.7,20.82,2.7,22.0
1820,2022-12-26,28.6,25.4,22.35,2.9,25.5
1821,2022-12-27,29.1,25.0,23.87,2.3,26.8
1822,2022-12-28,28.6,24.6,21.09,8.5,27.2
1823,2022-12-29,28.2,24.4,21.74,5.5,23.4
1824,2022-12-30,28.6,25.9,22.64,0.2,27.4
1825,2022-12-31,27.8,25.4,20.65,2.7,28.8
